Order,Title,URL,Published_Date,Reads,Votes,Comments,Chapter_Text
1,a/n,https://www.wattpad.com/1426872583-rematch-ishman-%E2%9C%93-a-n,Unknown,9087,180,30,"☾⋆⁺₊🎧✧

i promised y’all an enemies to lovers fic so here it is. except, i can’tnotwrite friends to lovers so this is more like ‘friends to enemies to friends to lovers.’

this is an indian cricket team rpf. it’s come to my notice that some readers are not indian so just clearing it out.

no summary this time because it’ll be more fun that way, trust. basically, this is a sports romance involving college cricket leagues. so it’s going to be heavy on friendship and character development. ishman is still the main plot though. i’ve always loved sports anime (shit is gay af), especially haikyuu so the vibes are definitely inspired from it. you know how they are all about ‘power of friendship’ and extra corny pep-talks before matches, and the best thing ever is always when rivals form a sort of niche bromance. (btw, why don’t we have a cricket anime already when we have a fucking kabaddi anime?!)

a quick heads-up that age gap b/w seniors and juniors of ICT is reduced for the sake of the plot, and their skills are on par with college students, not professional cricketers.

this is afanfiction, take it as one. nothing in life is ever that serious <3

♡₊˚ 🦢・₊✧"
2,character inventory (check out after completing the story),https://www.wattpad.com/1453629765-rematch-ishman-%E2%9C%93-character-inventory-check-out,Unknown,6434,173,80,"for those who haven't watched the meme compilations that i posted on my message board few weeks back, the links for part 1 and 2 will be in the comments 👉

a close-up on the central characters:

ISHAN

SHUBMAN

ABHISHEK"
3,CH: 1,https://www.wattpad.com/1426872732-rematch-ishman-%E2%9C%93-ch-1,Unknown,9752,311,243,"“You can't possibly expect them to bend the rules for you, Kishan.” The coach spoke with a tight-lipped smile, returning to his journal, where he was always scribbling down Test stats of the national team. If only the old codger paid more attention to the college team instead, they could have made it to the playoffs last season. Ishan hated himself for hoping anyone took the cricket club seriously here. If it weren’t for being in his final year, he might have just waited for the old geezer to retire.

But Ishan needed this, more than ever, becausehewas going to be there too.He, the one Ishan had been training relentlessly to face.He, the one Ishan was going to defeat if that’s the last thing he did.

Ishan gripped the edge of the table tightly. “Coach, you know how long I've been waiting for this. You said I deserved to be the captain.”

Shastri looked up with an unimpressed look. “Of course you do. But a captain doesn’t make a team, you’re short of three substitutes.”

“The deadline is near, can’t you just send in the names? I’ll try to look for volunteers.”

“And pray tell, what names should i send in place of those three?”

“Um, I don’t know, like. Kartik... Ali... and John?” When Shastri stared at him, he added, “What? It’s diverse.”

“You can’t bring in random people, Kishan.”

“How does it matter? Substitutes don’t play anyway,” Ishan argued.

“Like I said, a captain doesn’t make a team,” Shastri repeated, as if he expected Ishan to clap. “We haven’t had acaptainin a long time.” He hummed, working his pen again.

Ishan did not understand this man at all. He wanted to pull out his own hair and burn that goddamned journal. “Coach.”

He didn’t look up. “Three boys, Kishan. Can’t you scout three boys in this whole campus?”

Ishan bit his lip from saying“why the fuck are so you useless?”

“But the deadline-”

“Is in three days. Ah, how convenient. Happy scouting!” the grump said in feign cheer with a wave, ending the conversation. Ishan stomped out of the room. His agitated eyes searched around the field for any boy who looked remotely athletic, but all he could spot were couples. Fuck this place.

He ran into the basketball guys having a practice match. He resisted rolling his eyes at them, the ones all the funds were spent on, leaving little for the cricket club. Ishan moved his gaze towards the benched players, he huffed. Substitutes were substitutes after all.

Wait.

Substitutes were substitutes after all.

So, he could just…

“Oi!” Ishan called out, ignoring the odd looks passed between the other players. The guy blinked, pointing to himself to be sure.

“Yes, you! weird hair!” Ishan waved him over.TILAK, his jersey read.

“I don’t have weird hair,” Tilak muttered as he walked to the sidelines, reaching for his hair consciously. “Um, hi?”

Ishan did not intend to beat around the bush. “You ever played cricket?”

“Played, yes. Play, no,” Tilak replied, sensing the predicament he was about to be in.

Ishan nodded. “We can fix that. Come on, you’re in the team.”

He wheeled around on his feet, walking off. Tilak followed him with wide eyes. “Wait, what? No, I can’t.”

“You will.”

“This is forcing!”

Ishan shot him a frown. “And?”

“And- and you can’t force me! I’m a basketball player, you know? I haven't touched a bat since high school.”

“Don’t worry, you don’t need to play. Just stay in the dugout.”

Tilak scoffed, feeling a little offended. “Then what’s the point if I’m not  playing?”

Ishan paused, turning to him. He wondered if the guy was nuts to think Ishan would pick someone random for the lineup. The cricket club wasn’tthatdoomed yet. “Well, you’re not playing now either.”

He thought Tilak might clock him at any moment, knowing he was being a bit of a jerk to the younger guy. Ishan hated seniors like himself. Yet, Tilak didn’t seem to offer any retorts. Instead, he just sighed, running his fingers through his hair. “You don’t hold back, do you?”

Ishan offered a small smile. “I promise we’re more fun than those guys, who got height for a personality.”

Tilak snorted. “Is that your only pitch?”

“I think you were sold the moment I rescued you from there. Otherwise, you wouldn’t be following me,” Ishan remarked.

Tilak let out a dry laugh. “You’re quite the observer.”

“I'm a wicketkeeper.”

“I know.”

“You do?” Ishan raised an eyebrow.

“There have been talks, Ishan bhaiya,” Tilak said, rubbing his neck.

Ishan tilted his head with a guarded expression. “And?”

Tilak grinned. “And I think you're cool as fuck .”

“Oh, I’ll show you cool,” Ishan chuckled, tousling his hair. “Let's go, we've got some hunting  to do.”

The next target of Ishan's scouting was a member of the chess club. He was too timid to push back and simply shook his head when Ishan posed, “You won't refuse me, will you?”

He hit a snag though, when he couldn’t find a third. When he swung by the basketball club again, Ishan’s buddy, who was the captain, gave him the boot. They had a big game coming up, and Tilak was cut loose because, “He doesn’t really fit in here anyway.”

Ishan furrowed his brows, thinking hard. He found himself heading to Coach’s office again. He mentally snorted when he saw the man playing poker on his computer.

“You better start drafting that email because I’m short of only one guy now,” he stated, drawing the oldie’s attention from his screen.

“Two, actually.”

“No, I got-”

“Your all-rounder bailed.”

“WHAT?”

Shastri barely batted an eyelash. “He’s down with diarrhoea.”

“WHAT?”

“Diarrhoea. The one where they shit too much or something.”

Ishan slumped heavily into the chair, feeling his head throb. “I think I’m going to pass out.” He fumbled with his words before saying, “He might recover before the tournament.”

“It will still take him a long time to regain his immunity and get back in form.”

With each word, Ishan felt the trophy slipping further from his grasp. He couldn't allow that. No way."
4,CH: 2,https://www.wattpad.com/1427115649-rematch-ishman-%E2%9C%93-ch-2,Unknown,4668,264,190,"Shubman Gill had no business to have gotten this hot in three years. Rishabh sometimes bugged Ishan to watch his interviews with local outlets, but a screen could only do so much justice to his looks.

Ishan felt sick to his stomach. Why washehere?

“I'd been hoping to run into you for months now,” Abhishek spoke first, interrupting Ishan’s internal monologue. Ishan watched as his old friend approached him. Meanwhile, Shubman remained standing there, leaning against a pole with a smile that only served to irritate Ishan more.

“This is gold,” Rishabh mused and Surya elbowed him. Mayank looked over at Ishan with concern. He prayed for his best friend to not give into his impulse.

“What are you doing here?” Ishan asked quietly.

Abhishek’s eyes softened. “Not even a hello?”

Ishan didn’t reply, he glanced at Shubman before turning back to Abhishek. “What ishedoing here, Abhi?”

Abhishek bit down a smile, he thought he’d never hear the nickname again in that voice. He promptly ignored Ishan’s question and took him in a hug. It hurt a little when Ishan stiffened but he pulled back with an unwavering smile.

“I go here, you know,” he said.

“Go where?”

“Here, atSummit.”

So that was what the chess guy was getting to. Ishan frowned. “I haven’t seen you around.”

“Of course, I bunked half of my classes last semester. And the campus is fairly big so it’s not a surprise, is it?”

Ishan wondered if the gods had a twisted sense of humour.

“Why did you leaveMeridian?” he asked, not ready to entertain the sudden friendliness.

“Ironic for you to be saying that.” Shubman finally said, striding towards them. His voice grew deeper, Ishan noticed.

“I never joined.” Ishan made sure to keep his tone devoid of any emotion.

“Right, you never even joined.” Shubman’s voice didn’t sound as condescending as Ishan’s brain made it out to be. “I wonder why?”

“Oh, he’s asking for it,” Rishabh whispered to Surya and got elbowed again.

Ishan scoffed, reluctantly shifting his gaze towards the taller guy. Shubman’s eyes flashed with a glint that he couldn’t quite comprehend. Looking at that face for too long stirred an ugly feeling in his stomach.

“Keep wondering,” Ishan said with a sarcastic smile.

“Still feisty,” Shubman mumbled to himself.

“Why were you calling out my name?” Abhishek asked, breaking the tension.

That brought Ishan back to the situation at his hand. The chess guy couldn’t have possibly been suggesting what Ishan thought he was. He stole a glance at the guy, who nodded slowly. It was a bad idea. Terrible, even.  He looked at his friends, who appeared as doubtful as himself. Rishabh shot him an expression that said,“Do what you want.”

Ishan inhaled sharply. “I need to have a talk with you,” he said.

“Sweet! Are we going to talk about cricket?” Shubman quipped cheerfully as he slung an arm around Abhishek.

“We,” Ishan forced out through gritted teeth, “are going to talk about cricket.Youare going to fuck off.”

“Cricket without me? Sounds boring.”

Ishan wondered if he’d get in trouble for roundhouse kicking a visitor. Mayank’s best friend senses were tingling all over, he debated if he should intervene yet.

“But I guess that’s how it’s been for you, hasn’t it? Boring. Without a trophy, Without me-”

“I’d say beingMan of the Tournamentevery year is far from boring. Though I guess some trophy winners can’t relate,” Mayank remarked with a wry smile.

Shubman felt his smile falter at the familiar figure. Surya elbowed Rishabhagainbefore he could hoot, as Mayank stood next to Ishan. The latter felt a twinge of relief when the sides were equal. Well, Abhishek wasn’t technically siding with his asshole of a friend but that’s just how Ishan had always felt.

Shubman smirked with a tilt of his head. “He suck your cock good?”

“That’s it,” Ishan merely muttered before he found himself harshly tugging at Shubman’s collar.

Surya reacted first, rushing closer to the group. “Woah, woah, Ish. We’ve got the league coming up, don’t get us in trouble!”

Ishan couldn’t see anything apart from the smug look on Shubman’s face and boy, did he want to punch it off?

“You never change, do you?” Shubman let out a grunt as Ishan pushed him against the wall. “Putting others at stake to satisfy your ego. Selfish-”

Ishan was dangerously close to knocking  the guy’s teeth out. Before he really ended up doing that, he headbutted Shubman, hard. The groan that followed from the latter was loud enough to draw Shastri out of his nearby office.

“Ishan! What the hell?”

Ishan knew he was in some shit because Coach never called him by his name unless he was really mad.

“I thought you were supposed to find players, not find ways to assault opponents.”

“Assault is an exaggeration,” Ishan argued.

“Ahhh,” Shubman let out a deliberate moan of pain. “It hurts so much.”Abhishek rolled his eyes as he pressed the ice pack on his friend’s forehead.

Ishan blinked. “I swear this guy had a record of taking seven headbutts in a row in school,” he tried to defend himself when Coach shot him a pointed look. He ignored the subtle widening of Shubman’s eyes.

Shastri sighed. “I apologize on the behalf of my student.”

Shubman winced. “Gee, you don’t have to. Though I’d appreciate it if theassaulterdid.’

Ishan swallowed a dozen curses. “Sorry,” he mumbled, fighting every shred of bloodlust in him.

But of course the absolute prick of a human leaned in with a smile. “Hm? I didn’t quite get that.”

Ishan felt his ears heat up as he saw Abhishek giving a sympathetic look. It was for an odd second that he was whisked back from Shastri’s office to his school infirmary, where he could practically hear the school nurse scolding him while tending to Shubman’s third injury of the week. And there was Abhishek, barely holding back his giggles as they managed to skip yet another History period.

Ishan looked at the boys in front of him. He felt himself grinding his teeth but he forced out a smile at Shubman. “I’m sorry you’re such a delicate little flower.”

Shubman blinked as Ishan left saying that. He turned to Shastri. “Is he always like…that?”

“Yes,” Shastri observed the reddish blotch on the boy’s forehead, but he did not seem to need the ice pack anymore. “Why are you here, Shubman?”"
5,CH: 3,https://www.wattpad.com/1428132296-rematch-ishman-%E2%9C%93-ch-3,Unknown,4562,268,384,"Ishan cleared his throat, gesturing towards Abhishek, who flashed a broad grin at the indifferent boys in front of him.

“Lads, this is Abhishek. He’ll be replacing Nehal in the team for the tournament,” Ishan said, rubbing his neck awkwardly.

Hardik whistled as he strolled over to Abhishek. “TheMeridian kid,” he remarked, casting a brief glance-down. “Vice-captaincy wahi chhod kar aaya hai na apni?”

Abhishek blinked. Was this an attempt at hazing? “Yeah, that’s how transferring works.”

Rishabh bit down a snicker as Hardik blinked. He slapped Abhishek’s back playfully. “Hardik is our Vice-Captain, Abhi.”

Abhishek nodded with a sheepish smile.

“Tu karke aaya kya?” Hardik asked.

“Huh?”

Surya nudged Hardik harshly. “Practice.Practice karke aaya kya?”

Abhishek glanced at Ishan, who simply shrugged, leaving him to deal with the new bunch. “Um, do I have to demonstrate?”

Ishan responded with a “no,” while Hardik insisted with a “yes.” It was Rishabh who broke the ice, saying, “Guys, let’s just focus on our match next week, alright?”

Hardik huffed and shot a look at Abhishek before walking away for warm-up. “I have a feeling he doesn’t like me,” the latter said.

“Hardik doesn’t like anyone,” Ishan muttered, fixing his shoelaces.

“Who’s fromMeridian,” Rishabh completed helpfully.

“Ah, I never took the rivalry seriously.”

Ishan stared up at him. “Don’t insult us.”

“Sorry,” Abhisek winced, feeling like he was walking on eggshells around him.

“You better start taking it seriously if we’re going to destroy Shubman,” Ishan simply said, averting his attention to the other boys.

“Destroy is a bit,” Abhishek chuckled nervously turning to Rishabh, who seemed to be nodding to what Ishan said.Seriously. Abhishek sighed.

Ishan was a good captain, he realized. Well, it wasn’t much of a realization. Ishan wasstilla good captain.“But a failed one,” Shubman had said.

Ishan raced across the field, trying to catch up with Surya, who was laughing uncontrollably. Despite having shorter legs than others, the guy compensated with his speed. He just needed the right partner on pitch, Abhishek thought, remembering how Ishan got run-out twice in the last season. He shrugged off the thought, realizing he was better off not pointing out the team’s shortcomings, right after joining. He was no longer the Vice-Captain anyway.

One thing Ishan loved aboutSummitwas that there was no one breathing down their necks about training. They could hit the nets whenever they felt like it, no questions asked. Shastri would sometimes peek in, but only to chat about possible new game plans or to step in when Hardik tried to bully the basketball guys.

Ishan flopped onto the grass, his chest heaving with beads of sweat and causing his shirt to cling to him. He waited for the breeze to kiss his body. He looked at Rishabh and Surya in the distance, working with the bat. They took practice seriously, the two of them, though not very much because Rishabh smacked Surya’s ass with his bat the next second and ran off as the other chased him.

Tilak seemed to be holding a bat too, having an animated chat with Hardik. Ishan wondered if the latter knew that Tilak was from the basketball club. Then he wondered if anyone knew that Tilak was from the basketball club.“I’m pretty much invisible,”he had once joked but Ishan didn’t really laugh.

“How can you still love lying on the grass with all the bugs around?” Abhishek asked, scrunching his face at Ishan. He lay beside him nonetheless.

Ishan just hummed idly, making space for Abhishek. They both gazed at the summer sky.

“What’re you thinking about?”

“The tournament.”

“You think too much about it.”

“I have to,” Ishan said. “I’ll go crazy if I don’t.”

Abhishek chuckled. “You’re crazy enough as it gets. Well, do you have a plan?”

Ishan turned to him, nodding.

“Will you tell me?”

Ishan looked away.

The silence was peaceful but Ishan’s silence was foreign to Abhishek. He used to be unapologetically loud. Maybe he still was, just not around Abhishek.

“Ah, this is great,” he exclaimed, startling Ishan a little. “Doesn’t it take you back? So nostalgic.”

“You’d always fall asleep even though you refused to lie down at first,” Ishan said with a soft laugh.

“Because you and Shub would talk about the most boring things ever!”

“Star Wars is not boring!”

“Don’t tell me you still watch the re-runs.”

It was their thing, Ishan and Shubman’s. They would watch the movies over and over, even though they knew every line of Anakin by heart. Abhishek had no choice but to suffer, but then he never made any attempt to leave when he saw Shubman pull out the DVDs from his stash.

Ishan shook his head slowly, and though it was surprising, Abhishek didn’t need to ask why. He always thought that for Ishan, watching Star Wars was more about watching it with Shubman.

“It’s peaceful,” Abhishek spoke again, tracing the arcs of the birds flying.

“It is.”

“Maybe it wouldn’t have been if Shubman were here,” Abhishek joked. “He talks too much.”

“Wouldn’t be,” Ishan mumbled.

“What?”

“He wouldn’t be here with me.”

Abhishek had had many girlfriends through the years and not one of them hurt him as much as the two of his best friends did.“I’m here with you, aren’t I?”He wanted to yell at Ishan. It probably didn’t matter. He couldn’t be Shubman for Ishan now, just like he couldn’t be Ishan for Shubman in the three years.

He hated them. He hated them terribly. He closed his eyes, letting the summer sky darken out.

“The cicadas will still sing,” he smiled.

“Why ishehere?”

Mayank groaned, unwrapping his sandwich. “That’s enough, Ishan! Get over it already.”

“No, idiot. Why is he hereagain?”

Mayank looked up, spotting Shubman Gill’s blinding smile almost blowing up their cafeteria. The freshmen girls surrounded him like a pack of wolves eyeing their prey.

“How does he have the energy to be so... energetic,” Mayank grumbled.

Ishan huffed. “Does he not have classes? It’s literally eleven.”

“Good morning!” Abhishek set his tray down, taking a seat across Ishan.

“Ain’t nothing good about this morning,” Mayank muttered."
6,CH: 4,https://www.wattpad.com/1428966782-rematch-ishman-%E2%9C%93-ch-4,Unknown,4042,244,255,"“You’re awfully quiet, what’s wrong?” Abhishek asked, squinting his eyes.

Shubman chewed on his straw, sucking the life out of his juice carton. “Nothing.”

Abhishek nodded to himself, flipping the pages of his assignment. “Did you fight?”

Shubman groaned in response as he collapsed onto Abhishek’s bed. He couldn’t exactly explain the unease he felt after Ishan walked out on him earlier. He had expected insults in return, not silence. It almost made him guilty about it, but in his defense, Ishan had just grown sensitive.

“I think I’m heading home,” he mumbled.

“Home,” Abhishek repeated flatly.

“Dorms are closed for a week.”

“So you’re goinghome?”

Shubman waved him off dismissively. “They don’t bother me anymore.”

Shubman’s relationship with his family was, at best, questionable. It was nothing that couldn’t be fixed but Shubman just avoided the problem as a whole, which was him being the root of his father’s disappointment.

“You’ll be holed up in your room,” Abhishek remarked. “You don’t even practice when you’re home. It’s not a good idea, with the tournament coming up.”

“I’ll watch Star Wars,” he mumbled.

There it was again, proving Abhishek’s hypothesis correct. Ishan didn’t watch Star Wars because it reminded him of Shubman, and Shubman watched it because it reminded him of Ishan. The only connection they had left of each other.

“Or,wecould watch Star Wars,” Abhishek grinned.

Shubman looked up with hopeful eyes. “But you hate it.”

“Well, not as much as I hate your depressed calls from home.” Abhishek shrugged. “Just stay in my room, idiot.”

Shubman jumped in to hug him but got pushed away. “Don’t cause trouble for anyone, alright? And please stay away from Ishan for the love of God.”

“Sounds like a challenge to me.”

“Shub, no.”

“Shub, yes.”

He was going to have to force Ishan to talk to him. He was not letting things end on an awkward note and make himself out to be the bad guy.

“A week?!” Ishan exclaimed, utter horror flashed through his eyes.

Abhishek looked at him apologetically. “I’m sorry, Ish. There’s a reason for this, I promise.”

Ishan frowned at the sincerity in his voice. He shot an unconvinced look, slumping down on the bench.

“He won’t mess with you, I promise.”

“Are you sure about that?” Ishan muttered, as he looked over at Shubman, who was grinning like a spotlight, sending smug smiles and making strange hand gestures (Ishan couldn't tell if they were secret gang signs or cries for help from the swarm of girls surrounding him).

“Please,” Abhishek shot puppy-dog eyes at Ishan. Well, he couldn't refuse those.

Ishan sighed, muttered a ""whatever,"" and walked off to his lecture. It was when he saw Shubman practicing on their grounds that he stormed into the coach’s office, looking furious.

Shastri barely blinked. “Coke?”

“No.”

“The drink.”

“Still no.” Ishan gestured for him to look outside. Shastri peered out and saw Shubman practicing in the nets.

“He’s training,” Ishan added.

“I can see that.”

“Inournets!”

Shastri shrugged, taking a sip of his coke. “Well, we don’t really have a rule for guests using an open space.”

Ishan huffed. “Do we have a rule for kicking guests in the balls?”

Shastri stared at him blankly. “Not in the balls.” Then he went back to watching highlights of the ongoing Test series between India and England.

Ishan smirked to himself. “I’ll compromise.”

So he kicked a football at Shubman’s head instead. The latter shot him a glare, not amused to be bothered during practice.

Ishan simply smiled. “Sorry, my leg slipped.”

Shubman shrugged him off with an annoyed look, sending the football flying back. Of course it found its way back to Shubman, hitting his calf harshly.

“That’s it!” He dashed in Ishan’s direction. “What is your problem?”

“You’re my problem,” Ishan said, rolling his eyes.

Shubman barely resisted the urge to shove the boy. But he was oddly relieved to see Ishan approach him first after what happened. Well, it was only for so long that the shorty could keep his mouth to himself.

“Do you want my attention that bad?” Shubman sneered.

Ishan snorted. “You’re one to say.” He pointed at the herd of girls on the sidelines who were watching Shubman practice. They never came to watch the team!

Shubman turned his gaze, he didn’t even realize he had an audience. “You jealous?” He retorted with a smirk.

Ishan looked unfazed. “Kuch hona bhi toh padega jealous hone ke liye.”

Shubman gripped his bat tighter. This guy knew just the right ways to get on his nerve. He leaned in, speaking low. “Tujhe dekhna hai toh direct bol na.”

Ishan grinded his teeth, holding the taller one’s gaze. “You really-” He was interrupted by Mayank calling his name. He shot a glare at Shubman before turning away.

“Oi!”

Ishan turned over his shoulder, sporting a scowl, much to Shubman’s satisfaction.

“Meri T-shirt hatake paseena chaatega?”

The scowl deepened but there was a tinge of red on his cheeks. “Pagal wagal hai kya?”

Ishan couldn’t have avoided him even if he wanted to. This time, because of Coach. The codger decided it was a great idea to partner them up for the drills.

“Why do I have to be withhim?It doesn’t make sense!” Ishan complained.

Shastri pursed his lips. “It’s not bad to get used to your opponent’s techniques.”

Shubman smirked, glancing at Ishan, who was clenching his jaw in frustration. “Watch and learn, shorty.”

“I’m going to kill him,” Ishan snarled.

“You’ll be disqualified from the league,” Shastri simply replied, returning to his office.

Ishan scoffed out loud, he picked his bat and walked off. “Mera lund kare tere saath practice.”"
7,CH: 5,https://www.wattpad.com/1429970886-rematch-ishman-%E2%9C%93-ch-5,Unknown,4177,244,173,"Ishan could already hear the excruciating sound of someone singing off-key before he stepped inside the dressing room showers. “How can someone be a badbathroomsinger?” Ishan voiced mentally.

Shubman didn’t seem to have noticed the other entering. The steam-filled shower cubicle echoed with the gentle rush of water, the scent of soap lingering in the air.Lavender, Ishan noted. He let out an amused huff, and got in the next cubicle since the others were out of function. He kept forgetting to complain to the administration.

Ishan took out his own vanilla infused body wash and got to work. He shut his eyes and focused on humming a tune of his own, trying to block the obnoxious singing next door. Who even sangBolo Ta Ra Rawhile showering? One thing Ishan did not miss about Shubman was his deafening queue of Punjabi music. Well, Shubman could probably say the same for Ishan’s Bhojpuri music.

It got quiet after a while as the sound of rushing water abruptly ceased, replaced by the gentle patter of droplets cascading from the showerhead. Ishan halted his humming for some reason. It wasn’t a deliberate attempt to hide his presence (why would he do that?) but his voice faded on its own. He heard Shubman click open his door, his footsteps sounding as he moved away.

Ishan exhaled, and slowly returned to rubbing his body. He could moan, the way he felt his muscles relax under the hot water. His humming came back, a bit louder now, merging with whispered words until it formed a makeshift song.

Finally he reached for the faucet, allowing the flow of water to dwindle to a trickle before coming to a complete stop. He loosely wrapped a towel around his waist and stepped out, the sensation of water droplets clinging to his warm skin. He shook his hair, feeling the water droplets scatter around him, then ran his fingers through his wavy bangs, tousling them gently. He smiled to himself, satisfied with the scent of vanilla wrapped around him.

His soul almost jumped out when he caught sight of Shubman's reflection in the mirror. Standing there, staring at him with an unreadable expression. Ishan felt his heart race as the silence dragged on. Shubman remained silent, all the while his eyes were fixed on Ishan.

Clearing his throat, Ishan tried to shake off the awkwardness as he approached the mirror as well, reaching for the hand dryer beside it. The tension grew thicker, with only the low hum of the dryer and Shubman’s heavy-lidded gaze that traveled from the tattoo just below Ishan’s collarbones, down to his pecs, then to his abs, and finally to the pale skin of his thighs peeking out from beneath the short towel.

Ishan felt oddly naked, watching Shubman’s eyes roam over his body. The dripping water from his hair trickled down his nape, leaving a trail of goosebumps in its wake. It occurred to him that he too should return the favor and rake his eyes over Shubman (his mind turned it into a competition). So he stared at the boy through the mirror, his eyes ending up on Shubman’s abs, sculpted to leave girls wet. The towel around his waist was hung dangerously low. Ishan felt himself gulp as his eyes traced the beginning of the happy trail before quickly snapping back to meet Shubman’s gaze in the mirror.

Their eyes locked with an intensity that didn’t really make sense to either of them. Ishan turned around, breaking the barrier of the mirror to face Shubman directly. The latter licked his lips, possibly unknowingly. Ishan remained frozen on his feet, not knowing what exactly to do or say. Thankfully, it was Shubman who acted first. He turned around and left, slamming the door shut behind him.

Ishan let out a breath he didn’t realize he was holding. He looked at his own reflection– his cheeks flushed and pupils blown out. “What the fuck was that?” He whispered into the empty showers that still had some lavender in the air.

Ishan did not see Shubman for the next two days. He wondered if the boy had left for good. Shrugging off the useless thoughts, Ishan walked up to his friends.

Mayank looked at him. “Where’s Shubman?”

“How’d I know?” Ishan scrunched his nose. “What happened?”

Mayank nudged Rishabh to speak, who let out a soft sigh. “There are flyers all aroundSummitto supportMeridian. Also our freshmen are on their side, it seems.”

“WHAT?” Ishan couldn’t believe it.

Mayank clenched his jaw. “He might not have been spying but he was definitely up to this. I’m sorry for not listening to you, Ish.”

“Wait, wait.” Ishan frowned. “This doesn’t make sense. Where’s Abhi?”

The boys looked at each other, with no answers. Ishan inhaled sharply and turned around on his feet. He felt a tug from Rishabh. “Ishan, don’t make conclusions yet.”

“I just want to talk to him,” Ishan reassured him with a tight-lipped smile, and dashed down the hallway in search of Abhishek.

Surely enough, Ishan found him in the nets, with Shubman. On the way, he met some of the ‘Meridansupporters’ and managed to get out of them about what prompted the sudden chaos.

“Which one of you decided to form aMeridiancult here?” Ishan asked loudly, stepping in.

Abhishek looked confused. “What happened, Ish?”

“Our own students are siding withMeridian. Which one of you is behind the manipulation?”

Shubman scoffed. “We don’t really need to manipulate people into liking good teams like ours, Ishan, not that you’d understand.”

Ishan shot him a glare. “People say a certain Captain met up with them.”

“So what?” Shubman shrugged. “They called me, I went. It was a pep-talk. If it made them realize they were better off supporting us than your shitty team, it’s not my fault.”

“Shubman!” Abhishek chided, trying to stop him.

“Tellhim!”Shubman exclaimed, pointing at Ishan.

Ishan was seething. “It’sjustlike you to use my kindness for your own selfish reasons, Shubman. I knew I shouldn’t have let you stay.”

“I don’t remember you running things around here,” Shubman shot back. “It was Abhi who let me stay. Inhisroom, by the way, since you think the world runs aroundyou.”

“Of course he’d let you do anything you want!” Ishan spat. “Best friend, right? How could I think people like you can ever change? Once a traitor, always a fucking traitor.”

“Ishan,” Abhishek’s voice came out small and hurt.

Shubman’s chest heaved as he lurched forward, grabbing Ishan by his collar. “Don’t you dare pull Abhi into this.” He said, his voice low and angry. “You haven’t changed either, you know?Alwaysthe victim.Alwaysthe weaker.Alwaysthe only one who suffers, right?”

Ishan couldn’t blink and his eyes were probably red, but he didn’t look away. “Fuck you, Shubman.”

“Yeah, fuck me.” He replied with a humorless laugh. “Fuck everyone except you. Howdarewe remind you that you’re not the only one in the world who has struggles?”

Ishan felt a lump forming in his throat that he knew was a sign of being close to tears. He couldn't let that happen. Certainly not after being humiliated like that. He pushed Shubman away and walked off without looking back."
8,CH: 6,https://www.wattpad.com/1430494327-rematch-ishman-%E2%9C%93-ch-6,Unknown,3989,254,178,"For the rest of his time there, Shubman seemed dead set on getting under Ishan's skin, constantly poking and prodding until it seemed like Ishan was about to snap.

“If you so much as breathe the same air as me, I willkillyou.” Ishan’s voice sounded gravelly.

Shubman’s cheeks hollowed slightly with each pull, the lollipop making an audiblepopeverytime.

“Can you please stop that?”

Shubman smirked. “You’d rather see me sucking something else?”

Ishan scrunched his nose in disgust. “You’ve grown so vile.”

Shubman’s smile faltered a little when Ishan muttered about him being innocent in the past. He stared at the glaring boy in front of him. “I wasn’t innocent, just naive.”

Ishan brushed off the seriousness in his tone and went back to work.

Again. “Whatcha doing?”

Ishan shut his laptop with a groan and stood up, pushing his chair back. “Don’t you have anything better to do?”

Shubman looked up at him with a sickening smile. “What could be better than bonding with a dear old friend?”

Ishan clenched his jaw, gathering his things. “We’re not friends,” he said quietly before leaving.

Shubman snorted as he got up, trailing behind Ishan. “And I wasn’t being sarcastic,totally.”

“Where’s Abhi?”

“You’re all about Abhi, aren’t you?” Shubman remarked snidely. “Just because he’s here now doesn’t mean you can push me out of his life.”

Ishan scoffed in disbelief but retorted, “Afraid I’ll do the same that you did to me?”

Shubman let out a wry smile. “Do you need a reminder that he chose me over you?”

Ishan stopped abruptly, shooting him a glare. “Youmade him choose, Shubman. Friends don’t make friends choose.” He stepped closer to Shubman and poked his chest, his voice low. “I wish I never met you.”

Shubman felt a lot of emotions at those words but he masked them with a faint smirk. “The story still ends the same, doesn’t it?” He whispered. “No one chooses you.”

Ishan inhaled sharply as he turned and walked away. His mind rationalized that arguing with Shubman wasn’t worth it buthisheart. All his heart wanted was Shubman to take back those words and whisper sweet nothings in his ear like he used to when Ishan would cry to him about his insecurities. The boy told him once,“You deserve the moon, Ishan. It’s just that I’m not worthy of bringing it to you.”

Ishan hated himself for always remembering useless details of the past. He was grateful when Aditi waved at him, shaking him out of his thoughts.

“Is it Sunday already?” He asked with a grin.

She smiled with a slight blush, shaking her head. “You have your practice match this Saturday, right? Give me the list of players by the end of the day.”

Ishan’s eyes widened. “Oh shit, I was supposed to meet with the other guys. Uh, I’ll get back to you, Adi. Thanks!”

He dashed back to the dorms and knocked down his neighbor’s door, who was supposedly back from playing domestic.

“Rohit!”

“It took you two days to notice,” the guy responded with a yawn, reclining on his bed. “Aur bolta hai mujhe bhoolne ki bimari hai.”

Ishan jumped on his friend, wrapping his hands around him giddily. “Sorry, Ro-bro, I was busy with an asshole.”

“It’s funny when you say it like that,” Rohit giggled.

“Where's Jaddu? And Yuzi?”

“On the way, last time I checked.” Rohit said, forgetting the exact location Jaddu had texted him. “So, how’s the league coming up?”

“Where do I even start? Long story short, we have a few new faces in the team.” Ishan sighed.

“Yeah, I heard. By the way, what’s this rumour about Shubman Gill-”

“ROOOOOOHIT!”

Rohit blinked in surprise as a tall pole toppled over him, pushing aside Ishan in the process. “I guess it’s not a rumour then,” Rohit said with a chuckle.

Shubman grinned. “I was hoping to see you before I returned. Is Virat back too?”

Rohit nodded. “What’re you doing here? Virat brought you that signed jersey from Sachin Sir, you know.”

Shubman practically glowed. “Now that’s some fucking news.”

Ishan shifted on his feet awkwardly as he waited for Shubman to fuck off but the latter rambled on and on. Huffing, he walked out with a small wave at Rohit, who shot him a confused look.

“Attention whore,” Ishan grumbled as he returned to his room, leaving his door open. The sound of laughter from next room annoyed him so he resorted to glaring at the wall, cursing Shubman for ruining his moments everytime.

He strolled into bathroom for a shower, still fussing, as the hot water (ironically) cooled his head. It didn’t last very long though. He stepped out, draped in a towel, and was met with the sight of Shubman sitting onhisbed inhisroom, and was thathisone and only copy ofPlayboythat he was flipping through?

This time, Ishan did let out a shriek. “What the fuck is wrong with you?!”

Shubman looked up with an indifferent expression. “You should lock your door.”

Ishan stomped closer and snatched back the magazine, feeling his ears heat up. “We don’t normally have creeps getting in our roomswithoutpermission.”

Shubman ignored him and looked around the room, his eyes landing on the second bed. “Who’s your roommate?”

“None of your business. Can you get out?”

Shubman ignored him,again. He turned his gaze to Ishan’s body instead, checking him out quietly. Ishan was hit with a sense of deja vú, as his cheeks flushed.

“Don’t do that.”

“Do what?” Shubman asked with a smile threatening to surface on his lips.

“That.”

“Use your words, darling.”

Ishan felt suffocated as Shubman stood up and approached him slowly. “You’re so infuriating,” he muttered.

“Yeah?” Shubman asked, his voice going a notch down. “Do you want me to go?”

Ishan glanced up at him through his wet lashes, their bodies inches apart, perhaps for the sake of both their sanity. ""Yes,"" he replied weakly.

Shubman smirked. “You don’t look convinced.”

“Yes,” Ishan repeated loudly, clearing his throat.

Shubman leaned in, lowering his voice. “I said you don’tlookconvinced.” He traced his eyes down to Ishan’s-oh.

Ishan immediately stepped back, using the magazine to cover his very evident bulge under the towel. “It’s because of the hot shower,” he said through gritted teeth as red flooded his cheeks."
9,CH: 7,https://www.wattpad.com/1430860992-rematch-ishman-%E2%9C%93-ch-7,Unknown,4736,246,302,"Ishan didn't ban Shubman from the field on match day. Likely because he was busy strategizing, a process Shubman contributed to by snorting at ideas he disliked.

“Shub, this is a team meeting,” Abhishek hissed, nudging him towards the door.

""And your team's going to lose,"" Shubman quipped, sticking out his tongue.

Mayank responded by throwing a pebble at him, while the rest of the team simply sighed in resignation. Ishan rolled his eyes and carried on with his plan, turning to Rohit and Hardik for their approval once in a while.

“...wo same maarta hai, reverse swing daal usko…”

As Ishan spoke, Shubman couldn't help but notice the small details about him—the furrow of his brow, the way his eyes lit up with passion, the slight twitch of his lips when he emphasized a point. The sight of a concentrated Ishan was oddly satisfying. Their eyes briefly met, and Ishan shot him a questioning look. Shubman shook his head and looked away, biting the inside of his cheek.

“Tillu, don’t cry if they sledge you, okay?” Rishabh said with a teasing smile.

Tilak nodded in all seriousness. “Mai nayi gaali sikhke aaya, bhaiya.”

The others laughed as Hardik ruffled his hair proudly. Aditi entered the room with an amused smile, “How’s the spirit, boys?”

“Good, now that you’re here,” Surya chimed in with a smirk, nudging Ishan.

“Awesome,” she beamed. “I just wanted to wish you all good luck.”

“Did I hear it right? Did she sayyou all?” Yuzi remarked, snickering along with Jaddu. Ishan shot them a glare, silently urging them to pipe down.

Aditi blushed slightly as she shot a thumbs-up to everyone, her gaze lingering on Ishan. ""Good luck, Ish,"" she said before hastily dashing out of the room.

""You allmein Ish aa gaya tha, nahi?""Rohit teased an embarrassed Ishan, a mischievous grin spreading across his face as the others erupted into laughter.

Shubman blinked, turning to Abhishek. “What’s this about?”

Abhishek chuckled. “It’s what it looks like, I guess.”

Shubman clicked his tongue, observing Ishan as he slapped his own cheeks, which resembled a tomato.What an idiot.Shubman turned to Abhishek to hug him. “Good luck, bro.”

“We’re finally playing together,” the latter replied giddily.

Shubman smiled softly, nodding in silent approval and he sent him off. Though he didn't say it out loud, his heart swelled with contentment at the sight of Abhishek and Ishan playing together. His hands itched to click a photo but he didn’t want to look like a middle-aged mother attending her son’s match.

Ishan, as usual, played aggressively. The crack of wood against leather echoed across the field as the ball raced past the infield. He had an uncanny precision for finding gaps, Shubman crafted a mental map, strategizing positions forhisplayers when they’d face him. They had to exploit Ishan’s weakness to his breaking point.

Ishan got out scoring 32 off 19. Shubman could read his frustration by his footsteps as he walked out. It was probably not a good idea to approach him but Shubman found himself heading to the dressing room anyway.

“Not now, Gill,” Ishan said as he sensed the boy walk in.

“That wasn’t half bad,” Shubman offered.

“Don’t patronize me!” Ishan exclaimed, tossing his gloves into his locker and slamming it shut with a loud bang.

Shubman flinched before taking a seat beside the boy, who was slumped against the lockers. “I think you should have kept rotating the strike,” he said after a while.

Ishan puffed his cheeks, nodding with a grunt. Shubman stole a glance at him, his fingers fidgeting. After a moment of awkward silence, he cleared his throat. ""You should go watch the others.”

Ishan sighed, running his fingers through his hair. He looked at Shubman with a frown. “What about you?”

“I was supposed to head back yesterday.”

Ishan snorted. “Then why’d you stay, idiot?”

“Wanted to watch you play.”

“Right,” Ishan said. “Got my weak points down, haven’t you? Feel free to exploit them.”

“I’ve always known your weak points,” Shubman rolled his eyes. “I know them by heart.”

Ishan stared at him. “That’s what scares me,” he mumbled, pulling his knees closer to his chest. Shubman had a feeling that he wasn’t talking about cricket.

He stood up, ready to leave. As he turned, Ishan spoke. “You could wait a little longer.”

Shubman rubbed his neck awkwardly, shifting on his feet. Ishan added, “Let’s go and watch Abhi.”

A smile crept onto their lips simultaneously as Shubman nodded. Abhishek had always been their peace treaty. Ishan cheered for him on the crease, his heart lighter than it had been in days. Probably because of an old friend by his side and another in front of him.

Ishan’s stomach swooped with pride when the boy raised his bat for his fifty. He instinctively hugged the person beside him, Shubman that is. The latter stilled for a second, unsure of what to do with his hands. Before he could slowly wrap them around the smaller boy, Ishan pulled back hastily.

“Sorry.”

Shubman's ears tingled with warmth. He shook his head, muttering under his breath, ""Stupid.""

""Hah? Who're you calling stupid?""

Shubman bit back a smile, averting his gaze to the field while Ishan stared at him pointedly. “Abhishek.”

“Don’t call Abhi stupid!” Ishan smacked the taller boy.

Shubman’s lips parted in surprise before he turned with a smirk, landing an unexpected slap on the other’s ass. Ishan let out a small squeal, glaring at him. Shubman grinned. “It’s quite soft.”

Ishan shot him a disgusted look before scooting away from him. Shubman laughed, intentionally raising his hands in the air and making suggestive gestures of squeezing, much to the other’s annoyance.

If Ishan inched closer to him again in the latter half of the innings, Shubman didn't comment on it.

They clinched the match by a good 20 runs. Ishan was all smiles, jumping onto Rohit excitedly. The latter ruffled his hair fondly, and assured him that they were definitely going to win the tournament this time.

""Chal ab paise nikal."" Ishan heard Mayank talking to Abhishek.

""Kya hua?"" Ishan asked, glancing between the two.

Mayank grinned. “The newbie pays up for treat, right?”

“Oh, right. “ Ishan looked at Abhi with a broad smile. “Drinks on you tonight!”

Abhishek blinked. “Wha- uh.”

“Party time!” Hardik yelled beside Abhishek, almost giving him a fright. He looked at all the boys staring at him with anticipated eyes. “Tilak’s new too,” Abhishek pointed out.

Tilak pouted. “Hardik bhaiya!”

Hardik slung an arm around the younger, shaking his head. “He’s just ababy, Abhishek.”"
10,flashback,https://www.wattpad.com/1431017896-rematch-ishman-%E2%9C%93-flashback,Unknown,3880,234,163,"Shubman came out to Ishan in tenth grade. Ishan was already stressed about the looming board exams and how they crashed with the IPL schedule, so he didn’t notice the way Shubman bounced his leg nervously or the way he was extra fidgety today or the way he was unnaturally quiet.

“Do you think I’ll pass History if I make a quick trip to Wankhede the night before?” Ishan asked with a frown.

“You’ll mess up the dates,” Shubman replied inattentively. “Ishan, can we talk for a second?”

The latter shut his book close, glad to have a distraction from studying. “Do you want to trade your Dhoni trump card?”

“No, it’s not about cricket.”

Ishan sat straight, looking carefully at the boy. “O-kay then.”

Shubman rubbed his palms against the fabric of his pants, drumming his fingers to calm his nerves. “So, I’ve been thinking-”

“Not a good sign.”

Shubman shot him a glare, adding, “About my sexuality.”

Ishan blinked. “What, like you wanna have sex?”

“No, that’s not what it means.” Shubman flicked his eyes across the room, wondering how he could possibly get it through his best friend's thick head. “Have you heard of gay people?”

“As in, happy people?”

“Nice, you’ve stopped sleeping in English class.” Shubman’s lip twitched in an irritated smile. “As in,boys who like boys, and girls who like girls. Both, sometimes.”

Ishan's mouth formed an 'O' shape in realization. “Ah, that.”

Shubman nodded. He wasn’t sure if the low emphasis on “that” was a good sign. “What do you think?”

“How does it matter what I think?” Ishan quirked an eyebrow.

“It matters,” Shubman said with a sharp inhale. “To me.”

“I’m not sure where you’re getting at.” Ishan chuckled nervously.

Shubman’s eyes visibly softened as he leaned forward. “Ishan, I am-”

“I- um- I need to wee.” Ishan got up abruptly. “Be right back.”

Shubman watched Ishan dash out faster than he ever had. He let out a shaky breath and dropped his head onto the table.He fucked up. Ishan would definitely not ‘be right back’. The boy was probably at the doorstep, about to leave and never see Shubman’s face again.

He knows. He hates it. He hates me.

A frustrated tear slid down Shubman's cheek as he felt himself sniffle. Why did he have to go and ruin everything? He could have lived with hisnew discoveryhidden forever. He could have lived pretending to understand when Ishan and Abhi fawned over the pretty girls in their class. He could have lived without expecting Ishan’s support. He could have lived anormallife.

But he couldn’t live without Ishan. Without their friendship.

He only realized he was full-blown sobbing when he felt a pair of arms around him, pulling him closer.

“What happened? Why are you crying?” Ishan asked in a panicked voice.

Shubman cried harder, clutching onto Ishan’s shirt tightly. “You’re back.”

“Was I not supposed to be?”

Shubman chuckled softly, wiping away his tears. “I thought I lost you.”

Ishan frowned, pulling away a little to look at the boy in his arms. “Do you not feel well? Do I need to call your mom-”

“Ishan, I’m gay.”

Ishan winced ever so slightly and it almost broke Shubman’s heart before the former said, “It’s okay. You’re still my Shubi.”

Shubman’s lip jutted out in a pout. “You don’t look okay. I’m sorry.”

Ishan grazed his fingers against Shubman’s tear streaked cheeks. “What are you sorry for, idiot?”

“I don’t know. For hurting you, I guess.”

“I’m sure you’ve been the one hurting, Shubi.”

Shubman's eyes welled up once again upon hearing that. He pulled Ishan into a tight hug, shaking against his shoulder. “It hurts so much, Ishu. I don’t want to be like this.”

Ishan rubbed gentle circles on Shubman’s back, trying to comfort the younger. “You’re so brave, Shubi. I’m so proud of you,” he whispered into his ears.

Shubman’s breath hitched with his little sobs. “Why can’t I be like you and Abhi?”

Ishan smiled. “Girls don’t even talk to us, I think you’re better off not being like us.”

“They talk to me,” Shubman mumbled with a small smile.

“Good for us, we’ve got less competition now!” Ishan giggled, ruffling the other’s hair.

“Bad for me, I’ll die alone!”

Ishan huffed. “Nonsense. Look at these cuties.” He poked Shubman’s dimples, causing him to giggle.

Ishan cooed, planting a sloppy kiss on Shubman’s left cheek. The boy blushed a little, saying, “You don’t have to do that anymore if you’re uncomfortable.”

Ishan rolled his eyes, planting another kiss on Shubman’s right cheek. “I’m very uncomfortable with the fact that you think I’d ever be uncomfortable withyou.”

Shubman wiped away the wetness around his eyes, smiling up at Ishan. “Sorry, I thought it would be hard to understand.”

Ishan rubbed his neck with a small nod. “I’m not going to lie, it’s a…new concept to me. But I’ve always liked trying new things with you, haven’t I?” He paused, adding, “Can you give me some time?”

Shubman smiled fondly. “I can give youyears, Ishan. All the years of my life if you asked.”

Ishan smiled, his lips curling upwards at the corners. “I know.”

Shubman slowly inched closer to press a light kiss on his friend’s forehead. “Do you know I love you?”

Ishan grinned. “Do you know I love you too?”

Boys, they never really said“I love you” to other boys. Shubman realized that it was going to change for him. He also realized that he had been saying it to Ishan in all other ways.

+

“Do you think I’m pretty?” Ishan asked once, wiggling his eyebrows.

Shubman shot him an unimpressed look before going back to his comic. “Pretty ugly, yeah.”

“Bad Shubi!” Ishan threw a light punch at the boy’s arm.

“Just because I’m gay doesn’t mean I like every boy, Ishan,” Shubman said in a sing-a-song manner prompting the other to pout.

“Can’t you throw in a little compliment sometimes for your best friend? How rude.”

Shubman smiled behind his comic. “You want a compliment from me?”

“I know right? God, desperate times are the worst.”

Shubman kicked Ishan, who was sitting at the edge of the bed. The latter let out a whine. “Tell me I’m pretty or I’ll bite your ankles!”

Shubman snorted as he turned over on his side. “You’re pretty. There you go.”

“That sounds like I’m forcing you!”

“Maybe because you are?”

“Shubiiiiii.”

Shubman sighed, putting his comic down. “You’re the prettiest boy I’ve ever seen, Ishan.”

The other blinked, a subtle dust of blush gracing his face. “P-Pretty would have been enough.”

Shubman simply rolled his eyes and went back to reading. “I was just being honest.”

♡₊˚ 🦢・₊✧

a/n:i decided to write flashbacks separately so lucky you, getting double update lmao.

for me, their love was completely platonic in the past but to each their own. believe what you want.

also, you guys liked my little sketch so i made another one. they look like 12 year olds but whatever. im cursed with this art style."
11,CH: 8,https://www.wattpad.com/1431515134-rematch-ishman-%E2%9C%93-ch-8,Unknown,4334,262,176,"Shubman wasdyinginside. He was just one glance at Ishan away from bursting into flames. And it certainly didn't help that the subject of his torment was sitting there, staring at him like Shubman was a walking horror movie.

“It’s not my fault,”Shubman thought to himself. He was only trying to get a rise out of Ishan.

“It kind of is,”his brain supplied.

Okay, Shubman might have deliberately stood half-naked in the room even if he was done showering before Abhishek’s text.

“It’s notentirelymy fault,”he reasoned with his brain. It was Ishan who pulled him into the kiss like his life depended on it.

Why would the boy who refused to acknowledge his existence for three years kiss him suddenly? Was being around Shubman for a week the third strike for him? Did he finally drive Ishan crazy? Well, he could take a little pride in that.

Shubman risked a glance across the table at Ishan and breathed a sigh of relief. The boy seemed engrossed in conversation with Rishabh, the dim lights of the club periodically illuminating his face. Shubman watched as his lips curved around the rim of the glass, his adam’s apple bobbing slightly as he swallowed the liquid.

That brought back the veryvividmemory of those lips against his own not even an hour ago. As much as it hurt Shubman's ego to admit it, the kiss wasn’t bad. At all. It was good. Very good. Mind-blowing… You get the memo. It sent tingles down his spine to imagine his (ex) best friend kissing him breathless, wet and sloppy. It felt like a sin– the sexy kind. Shubman Gill got off on thrill. So, did it really matter if the person was Ishan?What’s in a name, right?

Of course, itmattered. Shubman chided himself, gulping down a shot of his vodka. It was Ishan for fuck’s sake.Ishan, who hated him. Ishan, whom he hated right back. He was also bitter about the fact that they could kiss but not be friends again. Not that he was particularly dying to be Ishan’s friend.

He found his gaze drawn back to the boy, who was now giggling at something Tilak had said. Abhishek joined them, slinging an arm around Ishan's shoulder and tousling his hair. He knew that his best friend was simply trying to make up for lost time with Ishan, but he was Shubman’s best friend too!

He pouted, not wanting to come off as petty. Knowing Abhishek, he'd likely shoot Shubman a disgusted look for wanting his attention and tell him to piss off. With a huff, Shubman got up and tugged at Abhishek's arm.

“What’s up?” The latter asked.

Shubman felt Ishan's eyes tracking him as he pulled Abhishek away from the group. Ignoring it, he dragged his friend to the side.

“Oof, what do you want? I have no money left.”

“Tu jyada chipak raha hai usse,” Shubman said with a scowl.

Abhishek sighed. “Shub, we talked about this. Don’t involve me in your ego fights.”

Shubman fiddled with his thumbs absent-mindedly. “He’s going to take you away from me,” he mumbled.

Shubman glanced up to find Abhishek giving him a deadpan look. “Wouldn’t catch me dead saying that corny shit.”

Shubman pouted. “Meri baatein corny lagne lagi hai? Thik hai, jaa tu uske paas. Sorry I disturbed you.”

Abhishek bit his lip to refrain from smiling as he could practically see Shubman’s dog-ears drooping down. He rolled his eyes, patting the puppy’s head.“Saale kitni nautanki karta hai. Idhar aa.”

Shubman grinned, draping his arms around the other giddily. “You don’t get to replace me, okay?”

“Bete ko kaise replace kar sakta hoon?”

Shubman scoffed but let on a small smile. “Mujhse milne aayega na, Abhi?You know I'm not great with socializing, and the new Vice-Cap just doesn’t get me like you did. And Virat’s always busy with his domestic matches. I don't know how I’m gonna make it this time, honestly.”

Abhishek ruffled his hair comfortingly. “I believe in you, Shub.”

That was enough. Shubman's eyes sparkled with adoration as he nodded at his best friend. ""Of course you do, I'm the best anyways.”

Shubman might seem cocky to others but Abhishek could see through him. He was just a young boy who had dreams to chase and expectations to live up to. It was easier to buy some confidence and walk into the room, acting like a narcissist, so that’s what Shubman did. He hated it when people called him perfect.He was vulnerable, he was weak, he was insecure.He was his mother’s son and Ishan’s Shubi. Sometimes, he wished that was enough.

It was a human thing, to suffer. Even more human, to live despite.

“Kishan really took you in, eh? Good for nothing Tilak in a good for nothing team. Now that’s fate.”

Ishan's jaw tensed as he clenched his fists. Tilak nudged him, his expression pleading for calm. ""Ignore them. Let’s just go,"" he whispered.

“They’re being assholes,” Ishan hissed through gritted teeth, his eyes narrowing at the boys from Tilak’s former team.

“You wanna say something, pretty boy?” One of the boys sneered.

Ishan shot him a glare. “Aukaat mein reh, Rohan.”

“Tu dikhayega mujhe meri aukaat?”The boy scoffed, walking up close. “Teri toh dekh hi lenge is season.”

Ishan had always had a short temper. He wasn’t proud of it but not necessarily ashamed of it either, especially in moments like these. His hands clenched around Rohan’s collar, giving him a sharp jerk. ""If you want to walk home in one piece,scram,"" he warned.

""Aw, sho scwawy!” Rohan mocked, leaning in closer. He shoved Ishan, causing him to stumble back. “Let me remind you what a worthless little shit you are.”

Shubman stepped in, catching Ishan mid-action. ""Whoa. Feeling feisty, aren't we?"" He said cheerfully.  “What’s the problem here, gentleman?”

Tilak fleeted his eyes nervously. “N-Nothing. Bhaiya, let's just get over it and-”

“Tilak, don’t be a fucking pushover!” Ishan exclaimed, causing the other to flinch. “How dare he call us good for nothing?!”

""Did he, now?"" Shubman asked, a glint in his eyes. ""What else did he say, Ish?""

Ishan resisted the urge to protest the use of the nickname. ""I've got this, Gill,"" he replied instead.

""Whatelsedid he say? Tilak?"" Shubman repeated, turning to the boy with an intense gaze.

Tilak shifted on his feet, rubbing his neck nervously. “Um, he called Ishan bhaiya… worthless.”

Shubman clicked his tongue with a nod, turning to face Rohan. “I guess you’ve been rehearsing that in front of the mirror, huh?” He said in a low voice as he stepped closer, easily looming over the guy.

“Well, I can’t complain. Insecurity looks good on you,” He added with a smile.

Rohan bit his lip in embarrassment. Getting into a fight with someone from another Uni wasn't a good idea, especially considering he was on a sports scholarship. He simply tugged at his minions and scurried away.

“Thanks for the help we did not ask,” Ishan said, staring at him with an unimpressed expression.

“You’re welcome, shorty.” Shubman grinned. He couldn't help but note that it was the first time they talked since… the kiss.

Tilak let out a shaky breath as he muttered a small ""Thanks"" and stormed towards the washroom. Ishan wanted to follow him, but he didn't want to make things overwhelming for the boy. Tilak was a little sensitive about his former mates and, well, life.

So, Ishan looked at Shubman instead.Shubman, who he kissed. He was wondering if he should just leave but then Shubman asked, “Are you okay?”

Ishan was taken aback for a split second. “Why wouldn't I be?”

“Well, he shoved you.”

Ishan snorted. “And what am I, a flower?”

Shubman shot him a lopsided smile. “Yeah, a very pretty flower.”

Ishan mocked a gagging noise, prompting the other to chuckle. Shubman’s dedication toinfuriatehim was impressive.

“Buy me a drink,” Shubman said, pulling him by the hem of his sleeve.

“What the fuck for?”

“For saving you.”

“Big bullies, so scary!” Ishan snorted. “I wonder why yousavedme, Shubman?”

Shubman paused before saying, “He doesn’t have the right to hurt you.”

“And you do?” Ishan asked before he could stop himself.Stupid.

Shubman didn’t reply. Couldn't.

“Why did you kiss me?” He asked instead.

Any trace of vulnerability on Ishan's face was replaced by shock. “W-Why would you say that? I didn’t kiss you, I mean- I didn'twantto kiss you.”

Shubman raised an amused eyebrow. “What else? You wanted topunchme? With your lips? On my lips?”

Ishan blushed furiously as he fumbled with his words. “I- I thought- I thought you were Aditi! Yeah, that's it.”

Shubman barked out a genuine laugh. “I know you're bad at lying but that takes the cake.” He wiped away a tear. “Did mylack of breastsremind you of her? Or was it my verymanlymuscles? Or was itmy facethat you’ve seen everyday for years? Quite insulting for your girlfriend.”

Ishan felt like his face was on fire. Why did he always have to speak without thinking?Stupid. He cleared his throat, “She's not my girlfriend.”

Shubman blinked. “O…kay. Thanks for clearing that up, I guess?”

Ishan chewed on his lip as he fleeted his eyes across the club, trying to spot his friends but they were nowhere in sight.

“Does Abhi know that you kissed the person youhatethe most in the entire world?” Shubman asked with a smirk.

Ishan froze. “Y-You didn't tell him, right?”

Shubman shrugged. “Not yet. But I don't keep secrets from my best friend, you know?”

Dread took over Ishan’s face immediately. Abhishek couldn't know, at any cost. Shubman would obviously put the blame on Ishan and Abhishek wouldbelievehim. He’d be so disgusted. He’d leave Ishan again.

“You wouldn't dare,” Ishan snarled.

Shubman looked satisfied with his reaction. He leaned on his elbows over the bar counter. “Is that a challenge?”

In the past, Ishan would have caught onto Shubman’s empty threat and they would have laughed it off. In the past, Ishan would've known what was going through Shubman's mind with one glance at the boy. But now, he wasn't too sure.

This Shubman could save him or completely ruin him.

Ishan’s breath hitched at the realization. “Please, don’t.”

Shubman frowned at the soft, pleading voice. But he held his composure, keeping the smug look on his face.

“What's in it for me?”

Ishan squeezed his eyes shut, sensing his self respect slipping away. “I’ll do anything you want.”

Shubman would have to justify it to himself when he would be lying in his bed later at night and rethinking his life decisions. But right now, his heart was racing to see Ishan’s reaction as he spoke his next words.

“Kiss me then.”

♡₊˚ 🦢・₊✧

a/n:the flashbacks are standalones and they do not precede or follow any chapter. btw abhishek doesn’t know shubman’s gay.

im officially convinced that is saal kuch bhi ho sakta hai. jis bhagwan ne RCB ko trophyjeetwadi, usne mere liye bhi kuch sochke rakha hi hoga <3"
12,CH: 9,https://www.wattpad.com/1432168532-rematch-ishman-%E2%9C%93-ch-9,Unknown,4485,255,180,"“What?” Ishan felt his mouth go dry.

“Kiss me then.”

“I heard you the first time.”

“Or shouldIkiss you?” Shubman grinned as he drew closer. “That would be fair, no?”

“No.” Ishan’s glare practically shot daggers at him.

“But you said you’d doanything.” Shubman let out a dramatic sigh. “Come on, be a good boy now.”

Ishan scrunched his nose, shaking his head to himself. “I don’t have any patience left to put up with your bullshit. Why do you even want to… do it again?”

“I don’twantto,” Shubman said after a pause. “I just think it’s not fair that you did whatever you wanted and I had to stand with your tongue inside my mouth.”

Ishan winced, a pang of shame washing over him. It was probably for the guilt that he couldn’t point out that Shubman had kissed him back, very enthusiastically so.

""Sorry about that. I wasn't thinking straight,"" he mumbled.

“Clearly.” Shubman snorted. He didn't want an apology, but he also didn't want to admit that hewantedto kiss Ishan. So he figured he had to prod the guy more. “But I thought you would man up to your actions, Ish.”

Sue Shubman and his guilt-tripping ways. Ishan pursed his lips, the jabs gnawing at his head. He couldn't deny that Shubman had a point; itwashis fault. Plus, it stung that he couldn't come up with a valid excuse. So he sighed and nodded begrudgingly.

“Only once, right?”

Shubman shot him an amused smile. “You should be worried about wanting more, darling.”

“Don’t call me that,” Ishan hissed as he looked around nervously. “I’m not doing it here.”

“OMG, are you taking me home tonight?” Shubman fluttered his lashes.

“I don't think Mayank would appreciate you kissing me in ourhome,” Ishan scoffed. “Come on.”

Shubman trailed him into the restroom, quietly slipping into a stall, his heart pounding louder than he wished. Ishan shifted on his feet awkwardly before looking up at the boy. ""Do it,"" he muttered, squeezing his eyes shut.

Shubman chuckled softly, gently cradling Ishan's jaw with his left hand. “Relax, darling. I’m not gonna eat you. Though we could arrange that if you want?”

Ishan opened his eyes, shooting an annoyed look. “Can you just kiss me and get it over-”

“Impatient much?” Shubman mumbled before joining their lips. The familiar heat returned immediately when Ishan gasped into his mouth, practically melting as Shubman forced his way inside. His hands wrapped around the smaller guy, pulling his waist closer.

""Ah, that's it,"" Ishan whispered, drawing back, his dazed eyes meeting Shubman's hungry gaze.

“I decide when we stop, yeah?” Shubman asserted before pulling him closer. He didn't mind Ishan clutching his shirt, his fists tight as if he couldn't breathe – which was technically true.

""Mmph."" Ishan didn’t realize as he lurched closer to Shubman, their groins brushing against each other. With a moan, the latter slipped his hands into Ishan’s hair, deepening the kiss even further.

Shubman's fingers trailed down to Ishan's nape, sending shivers down his spine. “Fuck, I can’t… anymore…” Ishan huffed in between ragged breaths.

Shubman's gaze lingered on Ishan's lips, still moist from their kiss. They glistened under the soft light, plump and inviting. Shubman regretted not biting them, that would have probably earned him avery deliciousmoan from the other. However, Shubman pulled back his hands, leaving Ishan blushing and feeling flustered.

""We’re even now."" Ishan broke the silence, fleeting his eyes away from Shubman's stare.

Shubman nodded, his hand moving to unlock the door with a click. He stepped out first, clearing his throat. He really will never learn what to say after making out with someone. He glanced back at Ishan who followed suit, a mix of relief and confusion painted over his face.

“You might want to wash your face,” Shubman said. “Looks like you sucked a dick.”

Ishan gaped, flushing furiously. “Do you really have to say it like that?!”

Shubman shrugged, slipping his hands into his pockets as Ishan walked over to the basin. He debated if he should leave, but then decided against it.

“I won’t tell Abhi, in case you were wondering,” Shubman spoke, rubbing his neck.

Ishan didn’t reply, focusing on the cool water running over his hands. He cupped his palms and splashed water onto his face, rubbing his cheeks as if he could scrub away the redness.

“Do you not trust me, Ish?” He heard Shubman speak again.

“I don’t think I need to answer that.”

“You know it’s fair what we just did. Y-You kissed me first so-”

It was the first time Shubman sounded hesitant. Ishan turned around, grabbing a paper towel to dab his face dry before tossing it into the bin.

“You know that’s not what I’m talking about,” he finally said.

Shubman's shoulders visibly slumped, but he managed to maintain his composure. “Get over it already, Ishan.”

Ishan clenched his fists, his jaw tightening. Who did Shubman think he was? He had no right to tell Ishan to‘get over it’.Not him. Not when he was the reason Ishan had more sleepless nights than he could count. But the last thing he wanted was to have a meltdown before Shubman, so he walked past, only to pause as their shoulders brushed against each other.

“I meant what I said that day, Shubman.” Ishan felt his heart break a little as he looked into the other’s eyes. “You can beg your whole life, but I willneverforgive you.”

Shubman looked away before his eyes could blur. He cleared his throat, feeling a tight knot forming in it. “I don’t want it. I just wish you’d understand why I did what I did.”

""It's a bit late for that now, isn’t it?"" Ishan murmured with a faint smile.

“Good luck for the tournament,” Shubman barely whispered before Ishan walked out.

""We can't find Tilak,"" Mayank said as soon as he caught sight of Ishan.

""What?"" Ishan's frown deepened, a sense of unease settling in. “God, I totally forgot about him.”

Rishabh quirked an eyebrow. “Weren't you with him?”

“I w-was but then he ran to therestroom-” Ishan felt his words die in his throat. “Fuck.”

“What happened?”

“I fucked up.” Ishan felt his heart throbbing as he made his way back to the restroom, Mayank and Rishabh trailing him.

As Ishan burst open the door, the first thing he noticed was Shubman, who was still there, and then a sobbing voice, most probably of Tilak who was in one of the stalls that Ishan could have sworn was empty ten minutes ago. Ishan’s gaze locked immediately with Shubman’s, who looked equally shaken as him.

Mayank and Rishabh rushed to the stall, concern etched on their faces as they banged on his door. Ishan quickly approached Shubman. “Tilak. Did he…?”

""I have n-no idea, he-"" Shubman's voice trembled slightly as he ran his fingers through his hair nervously.

""Calm down,"" Ishan hushed. ""Maybe he just got here-""

""No,"" Shubman snapped, cutting him off. ""I didn’t leave after you, and then I heard him.”

Ishan reached out to rub gentle circles on Shubman’s back, trying to comfort him. “Breathe, it’s okay. It’s just Tilak, I can talk to him.”

Shubman nodded shakily as they walked closer to the others. Mayank, with a frustrated sigh, kicked the door harshly, causing the sobbing to momentarily stop. Then the lock clicked open, revealing a sniffling Tilak.

His eyes widened as he saw them. “What are you all doing here?”

“Why the fuck are you crying? Did someone bully you again?” Mayank asked.

“What are you saying, Bhaiya?Zor se bolo na.”

“Kaan se nikaal ye pehle,” Rishabh muttered, pulling away his earphones. “Background music lagake rota hai kya bey?”

Ishan let out a breath of relief, glancing at Shubman, who seemed torn between laughter and tears. Ishan turned to Tilak, ruffling his hair. “Sorry, I shouldn't have left you alone. Do you want to talk?”

Mayank blinked. “Give us the context, someone.”

Ishan decided against explaining them. Mayank was a hot-head and if it reached Hardik’s ears somehow, a fight would break out. He shook his head, “I’ll handle it. You all get out.”

“What? If something’s serious, we should know it too,” Rishabh complained.

Ishan shot him a sharp look. “Rishu.”

“Okay, Captain.” Rishabh raised his hands before dragging Mayank and Shubman out of the restroom.

Ishan sighed, offering a paper towel to the bleary-eyed boy. “A few words shouldn't affect you this much, Tillu,” he said softly.

“I know. I just- I’ve always been a little sensitive and I hate it but they always manage to provoke me. God, I’m a fucking loser.”

Ishan wasn’t sure whom Tilak reminded him of – Shubman or himself.

“Yeah, you are.”

“W-what?” Tilak looked up nervously.

“That’s a loser mindset there,” Ishan said. “Coach says that you are what you think.”

Tilak bit his lip, wiping away his tears. “I just can’t help it sometimes.”

Ishan smiled. “Then letushelp you, idiot. That’s what a team is for.”

Tilak felt hot tears forming again before he hugged Ishan tightly. “Bhaiya, I swear I try my best. I don’t know why the results won’t show.”

Ishan patted Tilak's back comfortingly. ""Then that's a sign to keep trying. There’s never enough of a reason to quit.""

Tilak pulled back slightly, his eyes still brimming with tears. ""B-but what if I can’t make it?""

""You won’t if you think you can’t,"" Ishan reassured him, his voice firm. “Do you trust me?”

“More than anything.”

Ishan smiled, gently pulling him out of the stall. “I can’t save you from falling, Tilak. You can’t learn to walk if I do. But I promise I’ll make sure that if you fall, you fall forward.”

Tilak nodded, letting out a wry chuckle. “You know, I was bad at basketball because I used tobreathecricket.”

“I know.” Ishan smiled. “I can tell when someone intentionally messes up their footwork.”

“Ah.” Tilak rubbed his neck sheepishly. “Don’t you want to know why I…?”

Ishan shrugged. ""Not really. You must have had your reasons. But you know what they say?"" He flashed a toothy grin at the other, his eyes sparkling. “You can take the man out of the sport, not the sport out of the man.”

Tilak choked back a sob, not wanting to get emotional again. “Yeah,” he smiled. “I’m glad it didn’t.”

Mayank and Rishabh exchanged matching smiles as they leaned away from the restroom walls, before walking away, tugging Shubman along.

“Man, isn't Ishan the best Captain ever?” Mayank beamed.

“He is,” Shubman muttered with a soft smile.

♡₊˚ 🦢・₊✧

a/n:Sherly_punkedle tera update, dil ke dard ko kam karle </3

kal se ipl, seasonal depression ki mkc. whom are you guys supportingtmmrw? mera toh csk ofc but virat ki khushi mein bhi meri khushi hai 🥰"
13,CH: 10,https://www.wattpad.com/1433512430-rematch-ishman-%E2%9C%93-ch-10,Unknown,4568,276,364,"Ishan was grateful that he did not have to put up with Shubman’s overbearing presence for the rest of the month. With the tournament keeping everyone on their toes, there wasn't much time for anything else. They won their first two games, which was a good start to the season. Despite everything seemingly falling into place, Ishan couldn't help but feel a bit on edge, like the simmering heat of a summer day waiting for a sudden downpour to break the tension.

But it was matchday and he did not want useless doubts clouding up his mind, so he tried to distract himself by watching replays of Shubman’s previous games. Not out of curiosity or interest. They had their third match withMeridanso he was looking for any last-minute details he could pick up. The last timeSummitplayed with them, Ishan wasn’t the captain while Shubman was. So there wasn’t much Ishan could do when it came to convincing his seniors that he could predict the shots Shubman was going to play.

Shubman greeted Ishan with his all-knowing,obnoxioussmirk when they met for the toss– whichMeridianwon and chose to bat first.

""Ready to lose?"" Shubman teased as they strolled back to the pavilion.

Ishan flashed a strained smile. ""You wish.""

Shubman chuckled, his eyes sparkling mischievously. ""Let's spice things up a bit, shall we?""

Ishan eyed him suspiciously. ""What’re you upto?""

""Just a little fun,"" Shubman replied casually. ""Scared?""

""Hell, no. Spit it out.”

Shubman grinned, a familiar glint in his eye. ""If I win—""

""Wait, I'm calling the shots first,"" Ishan interrupted. Rolling his eyes, Shubman relented, allowing the boy to speak.

“You'll have to admit in today's post-match interview that you're jealous of my skills,” Ishan declared with a smirk.

Shubman wasn't sure how to feel about Ishan thinking Shubman needed to lose a bet to admire him (from a professional point of view of course).

“You can just tell me if you want me to praise you, Ish.”

Ishan shot him an unimpressed stare before silently mouthing a ""fuck you."" Shubman couldn't help but notice (and feel a little giddy about it) that Ishan no longer scolded him for calling himIsh. He drew his eyes away from the shorter boy and rubbed his neck awkwardly, scanning the ground to find a decent number of people in the stands.

“If I win, you’ll have to unblock me,” Shubman said softly.

That took Ishan by surprise. “W-Why?”

Shubman abruptly stopped in his tracks, his unreadable eyes staring at Ishan. The crowd disappeared for a moment and the excited chatters in the air faded out. Ishan felt suffocated under the weight of the undivided attention. Why was Shubman like this? One moment, he was hurling insults, and the next, he was gazing at Ishan as if he were the moon.

Ishan despised it. He loathed the faint hope in Shubman’s eyes.

Shubman finally smiled, breaking off the tension. “So that I can annoy you without having to travel hours.”

Ishan scoffed, looking away. “Whatever, Gill.”

Blocking Shubman after the fight was the right thing to do. Ishan did not want to see the string of ‘sorrys’ and ‘I love yous’ that he knew would chip away at the walls he was starting to build around himself. It was hard, incredibly so. When he stopped talking to his best friend, it was as if he stopped breathing. Shubman was his oxygen, hishabit. You shouldn't make a habit out of a person.

What did hurt was the fact that Shubman didn’t even try to make things right. Not like Ishan expected him to, anyway.

“It’s okay, isn’t it? We have two games under our belt,” Tilak said as his eyes nervously fleeted around the quiet dressing room.

“It’s not that we lost, Tillu.” Rishabh sighed, glancing at Ishan. “We lost toMeridian. That always stings more than a normal loss.”

“I should have played it safer,” Rohit grumbled as he scratched his thigh pad idly.

“Let’s not beat ourselves down,” Ishan finally spoke. “It is no one’s fault, luck wasn’t on our side today. We’ll definitely win the next one.”

Mayank’s expression softened. “Ish, are you okay?”

Ishan nodded curtly, he did not want to answer that in front of everyone. They did not deserve a captain who held his personal grudges higher than the what mattered for the team. He cleared his throat before grinning, “We’ll beat their asses in the finals, yeah?”

Hardik grinned back, slapping Ishan’s back. “What the Cap says, boys. Let's focus on reaching the finals first.”

Rohit smiled, watching Ishan trying to motivate the young boys. He turned to Hardik, “Sach sach bata, tu kiski taraf se khel raha tha? Runs toh tune unko zyada diye.”

Hardik shot him an apologetic look. “Um, Ro. Let me treat you to vada pav?”

Rohit sighed, rubbing his temples. “This is not going to work everytime but… BOYS! HARRY’S TREATING TONIGHT!”

""Oi, not everyone— ugh. Fine! Tillu, don't bite me!"" Hardik attempted to fend off the boys who clung to him like hungry wolves, pulling him outside.

Abhishek chuckled, standing back and draping an arm around Ishan. ""Hey, let’s go watch Shub’s interview.”

Ishan scrunched his nose in distaste. “I don’t want to see his face.”

“I’m not gonna lie, bro, that sounds kinda petty,” Mayank quipped, shooting Ishan a playful grin.

Abhishek shot a pleading look as he said, “Please, please, please?”

Ishan clicked his tongue. “Okay.”

Shubman breezed through the questions, sporting his usual game face, though Ishan could see the tiredness in his eyes. Abhishek happily snapped a pic of Shubman, earning an eye roll from Ishan. As the interview carried on, Ishan felt a mix of irritation and intrigue. Why did Shubman talk so much? It's not like he won the finals, tch.

""Any remarks on the opposition?"" the presenter inquired. Ishan's ears perked up at the question. He anticipated Shubman to highlight their weaknesses, mentally noting to keep them in mind.

Shubman smiled as he brought the mic closer to his mouth. “Ah, we have always loved a good rivalry withSummit. They definitely built the pressure we needed to drive forward. I think their captain did a great job on field; it was hard to find gaps at a point. Admirable effort.”

Ishan gaped at the scene. Shubman had a few screws loose, he concluded. Ignoring the shocked expressions of Abhishek and Mayank, Ishan shook his head to himself.

“You got it on cam, right?” Mayank asked, still in disbelief.

“Y-Yeah,” Abhishek nodded. “Um, wow.”

Ishan turned on his feet when he heard Shubman calling out his name. That only made him walk faster, which Shubman wasn’t going to stand and accept. He followed Ishan towards the exit, refusing to be ignored. He grabbed Ishan’s hand when he finally caught up. “Why would you make me chase after you? I’m already tired,” he huffed.

“Who told you to chase me?Jab karna chahiye tha tab toh kiya nahi,” Ishan muttered.

Shubman leaned closer to the shorter boy, exhaling a sigh of relief when he realized that Ishan wasn't mad at him. He couldn’t read Ishan’s mood swings anymore, so he treaded carefully.

“Um, did you hear…?”

Ishan rolled his eyes. “That was unnecessary. You won the bet.”

Shubman's gaze softened as he involuntarily reached out to brush away the curls framing Ishan's forehead. Ishan stared at him with a frown. “Are you going to talk or not?”

“Right.” Shubman pulled back, diving his hands in his pocket. “I won, huh? So you know what you have to do now.”

Ishan clenched his jaw in annoyance. “First tell me why did you put on that act just now?”

Shubman wanted to smack the guy but shrugged instead. “Gotta show them how humble I am.”

Ishan snorted at that. “Thanks though,” he added reluctantly.

Shubman grinned. “Come on, unblock me now.”

“I don't use a phone,” Ishan replied flatly as he started walking away.

Suddenly, Shubman grabbed him roughly, causing them both to stumble and fall to the ground. “Why are you so strong?” Ishan groaned, rubbing his calf.

“So that I can manhandle you,” Shubman joked.

Ishan shot him a glare before attempting to get up, but Shubman's grip tightened, pulling him back onto his lap. “What are you doing?” Ishan hissed.

“Unblock me. Right now.”

“Oof, I just told you. I don't use-”

“Instagram kya T.V. se chalata hai?” He demanded.

Ishan paused, frowning. “Were you stalking me?”

“Don’t change the topic!”

Ishan let out an exasperated sigh, raising his hands in surrender. ""Fine, I'll unblock you. Just let me go now.""

""You're going nowhere until you do it in front of my eyes,"" Shubman insisted, a playful smirk tugging at his lips.

“What the hell?” Ishan scowled. “Fine. Let's see how long your sore muscles last.”

Shubman wrapped his arms around Ishan's waist, pulling him closer, their bodies pressed together as he locked eyes with Ishan. ""Oi, what are you doing? Let me go,"" Ishan grunted as he shifted on Shubman's lap.

Shubman leaned in closer, whispering into Ishan's ear, ""If you keep moving so much, things are going to get bigger.""

""Bigger? Wha— Oi, oi, oi. Don't mess around,"" Ishan yelped, smacking Shubman's chest as he chuckled breathily.

“Ow, how are your tiny hands so brute?!” Shubman laughed as they toppled over, landing in a sprawled position on the ground. Ishan couldn't help but burst into giggles too.

They looked into each other’s eyes, everything else fading into the background. Shubman shot him a toothy grin, warm and full of mirth. His dimples dipped as he said, “Unblock karde na, meri jaan.”

Ishan’s breath hitched at the endearment; he hadn’t realized how much he missed hearing it. No one else called him that. ‘Meri jaan’ was reserved for only the two of them, for each other. Ishan felt a crack in his walls.

“Shubi,” He whispered without realizing.

Shubman practically melted at the soft tone, his heart swelling with warmth. In that moment, he wanted nothing more than to pull Ishan into a tight hug and hold him forever. But Ishan pulled back before that, standing up hurriedly.

“Ish…”

Ishan cleared his throat, his eyes darting around nervously. ""Let's go back, they must be waiting for us,"" he said, a hint of unease in his voice.

Shubman nodded, letting on a small smile. The air between them fell into a comfortable silence until he heard Ishan mutter, “I’m saving your contact asPrinceFuckhead.”

And you know what? Shubman didn’t even mind it.

PrinceFuckhead

omg you really did itthanks djakkadjumthat was a moment of weaknessmy badhi

Ishan snorted as he saw the notifications pop up. He debated if he should leave him onseenbut his fingers worked against his will.

you

go to sleep, shubi.

Shubman let out a small squeal, earning a pillow hitting his face.

""Shut up and let me sleep, Gill,"" Yashasvi grumbled, his voice muffled from beneath his blanket.

Shubman ignored his roommate and grinned like an idiot at the screen, staring at the single text from Ishan.

Maybe. Just maybe. He could do it right this time. Hope was a terrible thing, after all.

♡₊˚ 🦢・₊✧

a/n:my heart is so full after all the ishman moments we got on sunday. i think i’ve seen almost every angle of the scenes andykw? i was so right that shubman is the whipped one. just look at him, following ish around like a puppy. he literally stuck to him like a glue. nah dude i refuse to believe this is the man fanfics write as cold and cruel. have you seen the way he looks at ish??? it’s the most overwhelmingly fond expression if i’ve ever seen one. real or not, ishman is the definition of soulmates. like i say, they are beyond love."
14,CH: 11,https://www.wattpad.com/1434560920-rematch-ishman-%E2%9C%93-ch-11,Unknown,4062,266,209,"Ishan regretted unblocking Shubman the moment he woke up to ten texts from the boy for the seventh day in a row.

Prince Fuckhead

did you see my pull shotit was good rightright????????ofc it was goodim better than you anywaywydcan you slap abhi for mehe’s teasing me about my interview :(don't ignore mei want to destroy you in the finalyou have to win the semis tomorrow

Ishan rubbed his temples in agitation. He simply replied to the last text with“of course we will”and tossed his phone aside. Why was Shubman acting like they were friends? Unblocking didn't mean Ishan let him back in his life.

‘You have, though,’ his brain whispered.

Ishan couldn't entirely deny that. He hadn't realized it, but Shubman was slowly starting to make his way back into his life.

He was not sure how to feel about it. Did he hate it? Yes. Did he hate it enough to block him again? No. That was frustrating.

“What’s up, babygirl?”

Ishan shot an annoyed glare at his best friend before saying, “Tell Abhi that Shubi’s whining about the recording.”

“Shubi?!”Mayank gasped dramatically. “Did you just- oh my god, are youtalkingto him?”

Ishan rolled his eyes, waving off dismissively. “He’s talking, I’m ignoring.”

Mayank grinned from ear to ear, plopping down beside Ishan. “But youunblockedhim. Wow, did him praising you that day hit a nerve?”

“Ugh. Can we not talk about him first thing in the morning?” Ishan shrugged off the other’s hand and stood up.

Mayank grinned, not ready to let the topic slip. “What do you two talk about? Don’t say something boring like Star Wars.”

“Abhi’s going to love you for that.” Ishan rolled his eyes as he ran his fingers through his hair, standing in front of the mirror. “Shubi- ugh.Shubman. Shubman is even more annoying in texts, can you believe it?”

“I can actually.”

""He texts at the most ungodly hours. I wonder if he doesn’t sleep very well. Sometimes, he even sends a photo of his breakfast. What am I supposed to do with that? Well, the least annoying thing so far is probably when he talks about his matches.”

Mayank barely bit his smile as he said, “Ishan, you’re rambling.”

Ishan ignored him and continued to brush his hair, checking himself out in the mirror. “Wehaveto beat them in the finals,” he said with a serious tone.

“If we make it past the semis,” Mayank replied quietly.

Ishan huffed, turning to him with a scowl. “What did I say about having self-esteem?”

Fidgeting with his fingers, Mayank nodded. Ishan walked up to him with a sigh and placed a comforting hand on his back. “Kya hua, Mayu?”He asked softly.

Mayank shook his head, managing a weak smile.“Kya hoga, Ish?”

“Mujhse jhooth bolega bete?”Ishan twisted Mayank’s ear slightly, causing the other to grunt. “Come on, spit it out.”

Mayank sighed, leaning back against the wall. ""I'm overthinking, I guess. This is our last year, our last chance to prove ourselves. Scouts will be there in the finals, and if we don't make it–”

“Wewillmake it. Don’t you trust me? Our team?” Ishan’s voice was filled with reassurance.

“Ish, I- I don’t trust myself. What if–”

Before Mayank could finish his sentence, Ishan's hand landed a sharp slap across his face, cutting him off abruptly. “What the hell!” He exclaimed, rubbing his cheek.

Ishan clicked his tongue. “You’remyplayer. You disrespect yourself, you disrespect me.”

“When did i ever respect you?” Mayank muttered under his breath before Ishan twisted his ear again. “Okay, okay, sorry!”

“Hurry up, princess,” Mayank added as he got up. “I’m going to the nets.”

When left alone, Ishan let out a sigh. Honestly, he was scared too. It was his last shot at getting noticed by the scouts, and the pressure was starting to get to him. Things would have been different if he could have performedback then. They could have won the state levels, he might have been picked for the U-19 camp, and perhaps he would be playing in domestic or even bigger leagues by now. He would still be friends with Shubman. He wouldn't have had to run away from everyone he loved.

Ishan slapped himself to halt the train of thoughts. He couldn't afford to be scared, not when he had a team to lead. They were his everything now. He couldn't let them down. Never again.

“Kishan.”

“Kishan.”

“KISHAN!”

“Huh?” Ishan scowled at Shastri. “What happened, Coach?”

“You seem nervous,” Shastri remarked, casting a glance towards the gathering crowd in the stands.

Ishan rubbed his palms against the fabric of his pants, causing it to crumple slightly. ""You don't,"" he said instead, glancing at Shastri with a hint of uncertainty in his eyes.

The coach shrugged, tossing back a quick swig of his diet coke before turning his attention back to the field. ""You never gave me a reason to be.”

Ishan opened his mouth to retort but ended up huffing instead, his cheeks warming slightly. ""Buddha saala,"" he muttered under his breath.

""Hey, I heard that,"" the coach replied, an amused smile playing on his lips. After a brief pause, he spoke again, his voice gentle yet probing, ""Why do you want to win, Kishan?”

Ishan stared at him with an incredulous look.“Do I need a reason to win?”

Shastri laughed, his hearty chuckle startling Ishan momentarily, before he felt himself joining in. Rishabh and Tilak, passing by, paused at the sound.

“Have they finally lost it?” Tilak whispered.

“Aging does that to you. Come on,” Rishabh said, tugging the boy along as they made their way to the dressing room, Ishan trailing them.

“Koi bhi garden mein ghoomega maa–”

""Boys,"" Ishan called out, interrupting Rohit in the middle of his pep talk (?). ""Group hug!""

There was an audible groan from the team, though they secretly liked it. “Our pre-match ritual is impersonating freaking penguins,” Mayank snorted.

Ishan pouted as the others laughed, then turned to Abhishek with grabby hands. Abhishek reached out to him immediately, “Bunch of meanies! C’mere, I’ll hug you, Ish!”

""Oi, hands off my bestie!"" Mayank exclaimed with a grin, before joining the embrace, setting off giggles in the room. Soon after, Tilak joined them followed by everyone.

“I want a hug too!”

They turned to see a grinning Shubman by the door. Shastri, standing beside him, ordered everyone to reach the grounds for the final warm-up.

“Why are you always around my team more than yours?” Ishan asked in an amused voice, as he slipped on his pads, casting a sideways glance at Shubman.

“You won't reply to my texts,” Shubman complained. “I even sent you a digital good luck card!”

Ishan rolled his eyes. “Having to see your face is better than those texts, honestly.”

""Because my face is just that irresistible, isn't it?"" Shubman quipped with a smirk as he took a seat beside Ishan.

“I don’t have time to fight you now, Gill.”

Shubman hummed in response, observing Ishan's restless knee bouncing. “Are you nervous? Do you need any tips?”

Ishan let out a deliberate snort. “Sure, Mr. Two-Time Winner.” He shot Shubman a flat look, only to be met with the other's fond smile.

When Shubman pulled him into a hug, Ishan's voice died down, unable to muster any protest. “W-What happened? Are you sick?” He spoke weakly, not knowing what to do with his hands.

Shubman caressed Ishan's back, rubbing comforting circles. “You are going to win, yeah?” he whispered softly, his breath warm against Ishan's ear.

“Yeah.” Ishan gulped, slowly draping his arms around Shubman’s broad shoulders. How long had it been since he really hugged the other? How had he survived so long?

""Shouldn’t you be practicing for the final?"" he asked, clearing his throat. ""Why are you here?""

""To cheer for you,"" Shubman replied as they broke apart. ""And Abhi, and Rohit, and–""

""Got it,"" Ishan cut him off, looking down to hide the smile tugging at his lips.

Ishan clenched his fists, trying to shake off the irritation prickling at his chest as Rohit got out. The latter shot him a thumbs-up before walking back to the dugout, mouthing,""You can do it.""

Abhishek and Ishan synced up easily, exchanging nods of appreciation in between when one of them seemed on the edge. Both of them were hard hitters, they put up a solid chase before handing over the baton to the middle order for the final overs.

“To the finals, baby!” Yuzi hooped.

“It’s not over yet,” Rohit warned. “Don’t jinx it.”

Yuzi ignored him and started dancing with Siraj. Ishan couldn't help but grin, his face beaming with pride. They had made it so far.Summitreached the finals under his captaincy, something he had dreamed about for three years. He allowed himself a moment to gloat about it. Dropping his head on Rohit’s shoulder, he let the latter ruffle his hair.

“I can’t believe it,” he whispered.

Rohit sighed happily. “You worked hard for this, Captain.”

Ishan looked up giddily. “Thank you for trusting me, Ro. I don’t know if I could have done it without you all.”

Just then Surya smashed the winning six, setting the crowd into a frenzy of cheers. Ishan leaped up in excitement, his heart racing with adrenaline. He exchanged hugs with his teammates, reveling in the moment of triumph. They rushed onto the field, scooping up Rishabh and Surya in their arms.

“Thank you, thank you, thank you,” Ishan repeated like a prayer as he held his teammates close.

“Hah? Are you about to cry?” Hardik teased.

“Shut up!” Ishan sniffled, holding onto Rishabh tighter. Seeing their captain getting emotional, the boys initiated a group hug this time.

“Why areyoucrying?” Ishan asked Tilak with a short laugh.

“Because you are crying!” Tilak huffed, his eyes shimmering. The others laughed, patting the kid fondly.

Leaving the others to dance in the middle of the ground, Ishan sprinted towards the stands, a wide grin on his face, to where Shubman was waiting. Because he was high on adrenaline, his brain justified. Their eyes met, and without a word, Shubman enveloped him in a tight hug.

“Congrats,meri jaan,” Shubman whispered.

Ishan pulled back, starry-eyed, his gaze reflecting the glittering lights of the stadium. “You’ll be saying this after the finals too.”

Shubman grinned, squishing the other’s cheeks. “Oh, really? We’ll see.”

As they walked towards the dressing room, they chatted about the game, with Ishan excitedly recounting his key shots and pivotal moments of the match to Shubman. The other listened intently even though he witnessed everything with his own eyes. After ages, it finally felt like the old times– Ishan rambling and Shubman nodding along fondly. His stomach swooped at the thought of Ishan opening up to him again.

""Ish!""

Ishan's face lit up with a smile when he spotted Aditi, and he hurried over to pull her into a warm hug. ""Did you see it?"" he asked eagerly.

""Of course! You were amazing out there, Ish. I'm so proud of you,"" Aditi replied, her eyes shining with admiration.

They pulled apart as Aditi softly added, “You deserve it, Captain.”

Ishan chuckled, flushing a little when he realized that he hugged her on impulse. “Um, yeah. I couldn't have done it without the boys though.”

Aditi shook her head with a smile. “They couldn't have done it without you either. Come on, let me treat you tonight.”

“Alright then, I’m not going to hold back,” Ishan replied with a chuckle. Aditi hummed happily as she suggested a few places they could go.

“Where are we going, guys?” Shubman quipped, slinging an arm around Ishan.

Ishan blinked. Oh, he almost forgot about him. He poked Shubman’s back subtly, letting out a deliberate smile. “Hey, why don't you go celebrate with Abhi? He was looking for you.”

“It’s okay, I just texted him,” Shubman replied with a matching smile.This fucker.

Aditi shifted on her feet awkwardly as she suggested, “The more the merrier, right? Let’s go for pizza.”

“Oh, Ilovepizza,” Shubman said in feign cheer, ignoring the glare Ishan was shooting at him.

As Aditi walked out, leaving Ishan to get changed, he shot Shubman a pointed look. “You can’t take a hint, can you?”

Shubman shrugged innocently. “I’m hungry too.”

Ishan sighed, not wanting to argue with the boy. Moreover, they were not exactly enemies at the moment. They were… friends? Ishan shook off the thought, he could decide about it later.

His eyes widened as Shubman leaned in and quickly pecked his lips. It was so unexpected, so sudden, that Ishan felt his heart skip a beat. He stumbled back, feeling a rush of warmth spread through him.

“Are you out of your mind?” He hissed, looking around nervously.

“What? I just told you that I’m hungry,” Shubman replied, earning another glare.

Ishan scrunched his nose in annoyance as he turned to remove his pads. He knew he should probably address the tension between him and Shubman, but he really didn't want to be reminded that he was the one who kissed Shubman first. He just brushed it off as a weird impulse they both gave in to sometimes. He also conveniently ignored the fact that Shubman was gay, like he had many times in the past.

“Is she trying to hit on you?” Shubman asked, pulling out Ishan from his thoughts.

“N-No, she’s just being friendly… I guess.”

Shubman snorted, shaking his head. ""You're so oblivious. Well, it's none of my concern,"" he remarked. ""Hurry up! I really am hungry, you know?”

Ishan grunted as Shubman practically dragged him out. Whatever it was, Ishan couldn't help but feel a sense of comfort with Shubman by his side, even though he totally ended up ruining their date.

♡₊˚ 🦢・₊✧

a/n:filler chp because lamba khichna hai story. there will be some drama in the next chp. and some more in the next :)"
15,CH: 12,https://www.wattpad.com/1434822471-rematch-ishman-%E2%9C%93-ch-12,Unknown,4231,258,104,"The impending final had Ishan in jitters throughout the day. He found himself pacing back and forth in the nets, unable to sit still for even a moment. Every time he adjusted his pads or gloves, it felt like everything was prickling his skin.

“You seem stressed,” Rishabh remarked.

“Aren’t we all?” Surya said with a sigh.

“No, Ishan looksstressedstressed.”

Ishan clicked his tongue in frustration before flopping down onto the grass. ""Forget about playing, I haven't even watched the final all these years,"" he grunted, his voice tinged with unease.

“Why?” Tilak asked.

“Because Shubman’s team was always in the final,” Rishabh explained with a snort.

“Eh. That’s kind of petty, Ishan bhai.”

Ishan huffed, rolling around on the grass idly. It was true that he had been a little petty, but there was more to it than that. Watching Shubman and Abhishek play in the final would have reminded him ofthen. He didn't want to feel pathetic and helpless in front of them again.

“It’s okay,” Surya patted his back. “It's not like you haven't reached the finals before. You ended up winning the U-17 league.”

Ishan winced a little at the mention. “Ididn't win it, they did.”

“Is it true that you were benched in the mmph-”

Rishabh was too late in covering Tilak’s mouth, and Ishan stilled, his expression darkening.

“Ishan,” Rishabh’s soft voice called out, but he was already on his feet, walking away from them.

""He's still not over it,"" Surya whispered with a touch of concern, while Rishabh tapped Tilak's head.

Ishan unleashed all his pent-up frustration on the balls, swinging his bat relentlessly for hours. Mayank, Siraj, and Yuzi took turns bowling to him, their movements growing sluggish as Ishan showed no signs of stopping.

""That's enough,"" Mayank yelled, snatching the bat out of Ishan's grip. ""Do you want to kill yourself before the match?""

Ishan scowled. ""I'll ask Hardik-""

""No one's going to bowl to you!""

""Fuck off, Mayank. You don't get to order me around,"" Ishan retorted.

""Give yourself a break,” Mayank snapped. “Tomorrow's important for all of us. We can't afford to have you fall sick.”

“Don’t lecture me,” Ishan grumbled as he grabbed back his bat and walked off, ignoring the other’s words.

Mayank heaved a sigh, running his hand through his sweaty hair in frustration. He scrunched his nose, deciding that he needed an immediate shower.

It was around dinner time that someone asked, “Where’s Ishan?”

“He’s not back yet?” Mayank’s voice grew tense.

It struck everyone as odd for Ishan to be missing after curfew time. Before big matches, they didn't usually stay out practicing for too long. Instead, they would watch a movie together and relax.

“He’s not picking up his phone,” Abhishek said, frowning.

Mayank's instincts told him that something was wrong. ""I'm gonna go check in the nets,"" he announced before rushing out.

His heart sank when he saw Ishan lying motionless on the ground, his eyes widening in panic. He raced closer to his friends, and reached out to hold Ishan in his arms. “Fuck, are you okay?”

Ishan seemed to be hyperventilating, his breaths coming in quick, shallow gasps. “I-I tried to get up but everything is… spinning. I can't d-die before we win.”

Mayank decided against slapping his vulnerable friend and instead lifted him, cradling Ishan in his arms as he rushed back to the dorms. “You fucking idiot, I told you to not overwork yourself.”

“I was not…”

“Shut up, please.”

Everyone crowded into their room, their expressions etched with concern, they couldn't help but exchange worried looks at Ishan, who lay on the bed, his breathing shallow and erratic.

“Kyu karta hai esa?”Rohit fussed as he dampened the cloth and placed it gently on Ishan's forehead. “Haven't you practiced enough all this time?”

Ishan wanted to defend himself, but his words were lost in the haze of dizziness. He could only manage a grunt in response.

“He’s probably dehydrated,” Rishabh remarked, passing him a water bottle.

“This is all because of me,” Tilak muttered weakly. “I’m so sorry, bhaiya.”

Ishan tried to smile, but it probably came off as more of a grimace. “You all should go to sleep,” he mumbled.

They protested, but Mayank managed to convince them that he would take care of Ishan. “Do you want me to inform Coach?” He asked as he fed Ishan his dinner.

Ishan visibly tensed. “No, please, no. He will bench me-”

Mayank shushed him with the next bite. ""I won't, okay? Now get some sleep."" Ishan nodded, laying back and closing his eyes, only to let out a grunt moments later.

“What, you want cuddles now?” Mayank teased.

Ishan nodded, scooting over to make space for Mayank. The latter sighed and complied, knowing that sick Ishan was clingy. He gently ran his fingers through Ishan's hair, hoping to provide some sort of comfort. At some point, Ishan started drifting into sleep, his breathing becoming more even and his muscles relaxing.

""Shu…Shubi…"" He mumbled as he pressed closer to Mayank’s chest.

Mayank was tempted to record it for future blackmail, but it was too much of a hassle to move with Ishan wrapped around him like a koala. ""Sleep well, Ish,"" he whispered, planting a gentle kiss on his friend's forehead before settling down himself.

Ishan convinced himself and everyone that he was fine. He brushed off his unease, insisting it was just pre-match nerves whenever Shastri or anyone else questioned his demeanor.

Despite his efforts, Rohit and Hardik exchanged worried glances, sensing something was off. However, as the match time drew near, everyone's focus shifted, drowning out Ishan's internal struggle.

He met Shubman at the time of toss. The other sneered, “You're about to witness my hat-trick tonight.”

Ishan simply rolled his eyes, not having the will to retort back. Shubman frowned at the unusual response but shrugged it off.

Summitwon the toss and chose to bat first.

Ishan and Rohit opened as usual, hitting the ground running with powerful strokes. Ishan tried to sharpen his focus and concentrate on each ball. Rohit kept checking in on him during their brief meetings in the middle of the pitch after scoring boundaries.Meridian'sbowlers were more ruthless than any other team Ishan had played. Their precision and aggression on the field were unmatched, making it a challenge to gain momentum. It was clear why they were the reigning champions.

After 11 overs,Summitstood at 119 for 2.

Rohit provided them with a solid start and Rishabh followed suit, allowing Ishan to approach the game with caution. However, his head began to throb slightly as he searched for gaps in the field. The fact that he hadn't hit any boundaries for the last three overs was starting to weigh down on him. He fixed his gloves restlessly as he stood on the non-striker's end. Abhishek smashed some good length deliveries, givingMeridiana few disappointing overs.

In the dugout, Shastri frowned, noticing Ishan’s discomfort. “What's up with him? His strike rate has never been this bad,” He spoke to Hardik.

Hardik glanced at Rohit for help, but the latter only gestured for him to break it to the coach. “Um, he’s not very well. He was hyperventilating yesterday and-”

“And you let him play?” Shastri snapped. “Why was I not informed about this?”

“Ishan asked not to…”

Shastri pinched the bridge of his nose, trying to calm himself down. ""He is disturbed, and it's affecting his batting. At this rate, he's costing us more runs than he's making.”

Shastri called for Tilak who wasn't playing today. “Take the drinks out and tell Ishan to retire hurt in the next over.”

Hardik and Tilak’s eyes widened alike. “But he’s playing-”

Shastri's shook his head. ""This isn't cutting it. Look at Gill, he's as calm as ever. They're confident they can chase down whatever we throw at them. They're not even trying to get Ishan out because he's slowing down the game just fine.”

“Ishan will never agree to withdraw,” Hardik muttered, concerned about how the boy would react.

“I'm the Coach, Hardik. Tell him it's my definite order. Lasting on the pitch doesn't matter if he’s not going big. It's for his own good,” Shastri replied sternly, his gaze fixed on the field.

Tilak looked at Hardik, guilt evident in his eyes. “I'm sorry…”

“It's okay,” Hardik sighed, frustration lacing his voice. “Look, I know Ishan wouldn't budge... So, tell him that the whole team wants him to come back.”

“But that will hurt him,” Tilak glanced sadly at Ishan in the distance.

“It will hurt him more if we lose because of him,” Hardik offered with a weak smile, sending off Tilak.

Tilak cleared his throat, watching Ishan grunt as he twisted the bottle’s cap absent-mindedly.

“What’s the message?” Abhishek asked, gulping down some glucose.

Tilak fleeted his eyes nervously between the two of them. “Coach wants Ishan bhai to… retire hurt.”

Ishan froze, feeling something snap inside him. Abhishek shot Tilak an incredulous look, “What? Why?”

Tilak hesitated, looking down. “It's the strike rate… and Coach knows that you’re not well. He says it's affecting your form.”

“I-I am trying. I can do it,” Ishan said as he felt a lump growing at the back of his throat. “It's just-”

“It’s a team decision!” Tilak forced himself to snap. “Hardik bhai, Rohit bhai, everyone, they all want you to step down.”

“No way…”

Hurt and disbelief washed over Ishan’s face as he dared to look over at the dugout, only to be met with the sight of his teammates staring back with empty expressions. It felt like a betrayal, a cold realization sinking in that they didn't trust him. Everything blurred for a moment, transporting him back to a memory heloathed.

Nothing's new.

It was like the U-17 final all over again.

The only difference was that he fought for himself back then.

Ishan glanced over at Shubman, who appeared all too happy while high-fiving his teammates, as if he were mocking their score. Mocking Ishan. Just likethatday. He looked back to Abhishek, silently begging to defend him, but the look of pity made Ishan want to throw up.

‘I think it’s for the best,’the words fromthenechoed in Ishan’s ears.

‘You’re dragging down the team’.

‘Shubman deserved to be the captain, not you.’

Ishan felt a sharp wave of nausea shoot through him. Life really had a twisted sense of humor, making him realize at once all the things he wasn’t. It was almost masochistic as an ugly tug of hope clung to him, waiting for Abhishek to speak up for him. But it never came. Abhishek didn't speak, didn't protest for Ishan. Instead, he simply nodded and walked back to the crease.

Oh.

Okay.

Ishan did not have to pretend when he fell limp on the ground. The last thing he remembered was Shubman shouting his name before everything faded to black.

♡₊˚ 🦢・₊✧

a/n:ye toh likha hua tha isliye postkardiyabut next up is the flashback y’all have been asking for. i’ll need time for that, also i’ve got some exams sooo happy suffering until then :)

i don’t think anyone’s wrong in this chp btw. it’s ishan’s brain switching to fight or flight mode. his character is inspired from oikawa and kageyama if anyone noticed. sports angst is the best lmao uske aage love story tragedies are so lame."
16,flashback,https://www.wattpad.com/1435924513-rematch-ishman-%E2%9C%93-flashback,Unknown,4042,259,298,"""Does it hurt a lot?"" Shubman asked, his eyebrows knitted in concern.

""N-not unbearable,"" Ishan lied, swallowing a groan as a jolt of pain shot up his spine.

""God, Ish, why did you have to do a drill you never do before a matchday?"" Shubman huffed, attempting to massage Ishan's back. He pulled his hands away as Ishan inhaled sharply, clearly in pain. “Seriously, how are you going to play like this?”

Ishan shook his head rapidly, staring hard at the ceiling. “I can, Iwill.”

“Ish, you can rest for one game, you know?” Shubman could see right through Ishan’s act.

“Not if that one game is the fucking final, Shubman,” Ishan snapped. “The scouts are going to be there. My fifties, my hundreds, they won't matter if I don't perform tomorrow.”

Shubman gritted his teeth in agitation. “Okay, you push yourself tomorrow. Then what? You risk being out of the game for months. Your body can't handle it, Ish.”

“You don't get to decide what my body can handle,” Ishan retorted, his voice edged with defiance as he glared back.

Shubman wanted to argue but seeing his friend in pain, he simply sighed. “Just get some rest for now, alright?”

Ishan continued glaring at the wall, unable to face away from Shubman even if he wished to, due to the persistent backache. The latter carefully settled beside him, slowly draping his arms around Ishan’s torso.

“I just want you to take care of yourself, Ish,” he said softly.

“Not at the price of leaving my team,” Ishan grumbled.

Shubman smiled, reaching to caress Ishan’s cheek gently. “You think it wouldn't cost us if you were to hurt yourself? Idiot.”

Ishan couldn't come up with a response, so he closed his eyes, pretending to sleep. He just hoped he'd be in form the next day.

He wasn't.

Each time he had to twist his waist to hit a boundary in practice, a sharp jolt of pain surged through him, and he’d let out a small groan.

""Coach, he can't possibly play like this,"" Shubman insisted. “Why don't you stop him?”

Coach sighed. “You think I haven't tried? He is the most stubborn boy I’ve ever come across.”

A sense of unease settled in his chest, a nagging feeling that something was about to go wrong. It wasn't just about the match. He was worried about Ishan, who had been pushing himself to the limit for months, ignoring Shubman’s warnings. The boy was clearly on the brink of a breakdown, and Shubman had no idea how to help him.

“Gill,” Coach turned to him with serious eyes. “Ichoseyou to be the Vice Captain because I trusted you with this team, okay?”

Shubman wasn't sure why Coach thought it was a good time to bring that up but he nodded anyway, his eyes still fixed on a struggling Ishan in the distance.

“Some decisions are hard but you have to make them for the team,” was all Coach said before leaving.

Shubman stood there, feeling his heart weighing down on him. He winced as Ishan dropped his bat and instinctively grabbed his back, as if itburnt. Shubman's immediate impulse was to rush to his friend's side, but he stopped in his tracks when he saw Ishan fight back angry tears.

He’s in pain. He’s in pain. He’s in pain.

That was all Shubman’s mind could repeat as dashed out of there. It was going to be the hardest decision of his life.

Ishan gritted his teeth, stifling a scream as he wrapped the compression bandage tightly around his waist. The pressure provided a sense of security, but the pain still throbbed relentlessly.

“God, please don't do this to me,” he mumbled, feeling a feverish heat coursing through his body.

It was almost time for the toss. He hastily fixed his collar, taking a deep breath before stepping out of the dressing room.

“Ishan!”

He turned at the sound of his name, frowning at the sight of a panicked Rishabh, his eyes wide with alarm.

“What, did you lose your bat again?”

Rishabh didn't even have the heart to shake his head. “Ish, your- your name’s n-not on the playing eleven.”

Ishan blinked. “What the hell are you on about?”

Rishabh walked in hesitantly. “They were announcing the players for both the teams and yours wasn’t among them.”

“They might have missed it,” Ishan said, though a cold feeling of dread formed a knot in his stomach.

“Who misses the Captain’s name, Ishan?” Rishabh looked angry. He should be too. Right. Why wasn't he angry?

“The toss,” he shakily muttered, turning his gaze to the clock. “I-I should go.”

“Shubman went.”

Ishan's eyes widened. “What?”

Rishabh swallowed hard, averting his gaze. “Shubman... he went for the toss.”

Ishan didn't know how to react to that. He remained standing, frozen, until his mind spoke:

Traitor.

Ishan had always had a complicated relationship with himself. Maybe he lived too much in his head. He knew that if he let his thoughts control him, he would end up hurting both himself and those around him. “Hurt people hurt people,” Shubman had once told him. Ishan had laughed it off, asking where he'd picked up all those edgy lines.

But at times like this, when Ishan felt like he was stripped of his defenses, he did not see his best friend. He did not see the boy who meant to him more than his own insecurities. He did not see hisShubi.

He saw Shubman Gill. The Vice Captain of the team. The Prince. The better choice.

Ishan hadn't realized he was already standing face-to-face with him.

“Why?”

Shubman almost flinched at the harsh tone before clenching his fists. ""Let's talk it out later,"" he replied slowly, his voice strained.

“Why am I benched, Shubman?” he demanded.

“I said let’s talk later-”

Ishan wouldn't have any of it. He closed the gap between them, poking Shubman's chest as he spoke, his frustration evident in every word. “Who gave you the right to decide this?”

“You’re injured. I’m allowed to make the call, you know it.”

“I’m not fucking injured,” Ishan snapped. “I can play just fine. Why do you always act like you know everything about me?”

Shubman scowled. “I’m doing what's required for the team, Ishan. Don't be so fucking selfish.”

Ishan felt a dry laugh bubble in his chest. What had he not given for this team? And for what? To be calledselfishby his own best friend?

“There’s a limit to being petty, Shubman. Can you not see me winning for once?”

“What are you talking about?” Shubman shot him an incredulous look.

Ishan’s gaze sharpened. “You know what my friends used to say? That I shouldn't trust you too much, that you always had your eyes on the captaincy, that you’d snatch it away from me someday. But to think you would wait for the perfect day–”

“Have you fucking lost it?” Shubman yelled as he grabbed Ishan by his collar. “Do you even hear yourself, Ishan?”

“What, am I wrong?” Ishan snarled back, his anger fueling his words. “Youknewthe scouts would be here today. Who else but you knows how long I’ve waited for this day? How could you do this to me, you–”

“Is it my fault that you injured yourself?”

“I’m not–”

“Don’t lie!” Shubman snapped, cutting Ishan off. “You can't even run properly. How do you plan to hit boundaries, or dive for a run? You think you're that good, huh?”

Ishan shot him a glare, pushing Shubman’s hands off him. “As if people haven't played with an injury before. Dhoni played the World Cup–”

“Well, you’re not Dhoni! You’ll never be,” Shubman spat back. “So, just give up, alright? Playing today isn't going to change anything. In this state, you’re going to get out on your first ball and ruin it for all of us.”

Ishan's breath caught in his throat, his anger boiling over. ""Fuck you, Shubman. This isn't how you’re supposed to act.”

“How should I act, pray tell?"" he huffed. ""How long do you expect me to indulge your immature decisions? If you can't take care of yourself, I couldn't care less about you either. You're acting like a fucking brat, Ishan. Not everything goes your way, why can't you accept that?”

Ishan felt a tremble in his hands as anger and hurt surged through him. He clenched his fists to stop it. “I’m immature, fine. What about you, Shubman? What have you done for the team except for sucking up to Coach? When have you declined every time you got favored over someone else?” He barked out a humorless laugh, adding, “You’re a narcissistic piece of shit. Everyone knows that, it’s me who always believed otherwise. Becausebest friends, right?”

This couldn't be Ishan. No matter how angry he got, he had never lashed out at Shubman like this before. Neverhurthim like this before.

Shubman's expression hardened, his jaw tightening as Ishan's words hit home. “If you’re going to be so insecure because of me, then so be it. I can't talk sense into someone who’s blinded by jealousy. I hope you know that the only reason they chose you as the Captain was because I stepped down myself.”

Ishan's fist shot forward instinctively before he could realize, but Abhishek held him back. “What the fuck are you guys doing?” He exclaimed, breaking them apart.

Ishan stumbled back, his eyes fleeting around nervously as he watched Abhishek check for any wounds on Shubman's face.

“Y-You knew it too?” Ishan muttered.

""Ish, it's not what you're thinking. We care about you,"" Abhishek said, his eyes softening.

But Ishan shook his head in disbelief. ""No, no. Y-You're lying. You're all liars. Friends don’t hurt friends,"" he muttered, his voice cracking a little.

Shubman’s heart lurched, but he forced himself to stay composed. He wasn't sure if he could talk to Ishan without them screaming their heads off, so he let Abhishek steer the situation. He was better with words anyway.

Abhishek walked closer to the smaller boy, trying to make him understand. “Ish, listen to me please.”

Ishan stepped back. “Are you on his side?”

Shubman scoffed. “Sides? A fucking child, I told you.”

Ishan's eyes narrowed, the hurt evident in his gaze as he looked at Abhishek, silently pleading. “Abhi.”

“We don't have to do this, Ish. Let's get you some rest–”

""Traitor,"" Ishan snarled. ""You're a traitor too. I can't trust anyone, no one,"" he mumbled to himself before turning on his heel and fleeing from there.

“Why did you have to trigger him?” Abhishek asked Shubman with a sigh.

“You don't know how much his words stabbed,” Shubman said with a snort. “There's something off about him. He just loses it sometimes.”

“Don’t make me hit you,” Abhishek warned.

Shubman rubbed his temples, feeling the strain from all the yelling. “Let’s just go and get this shit over with. I’ll talk to Ishan after we win.”

Ishan did not run down to the ground with the others when Shubman hit the winning six. He wasn't there with them when they lifted the trophy. Instead, he watched them from the dressing room, forcing himself to be happy for his team. He watched Coach praise Shubman proudly. He watched Shubman's triumphant smile as he hugged everyone, acting like the Captain they probably deserved.

Pathetic. Loser. Unworthy.

Ishan wasn't sure if he could fight his thoughts anymore. Where did it all go wrong? How far had he fallen that he now couldn't bear the sight of his own best friend? Maybe Shubman was right. Hewasselfish.

“Feel like shit yet?”

Ishan jerked at the voice, turning to see the man he had never spoken to. He knew him though. Everyone knew Shastri, as some sort of a cryptic genius at least.

Shastri spoke again when Ishan remained silent. “You might be the first Captain in years to have been benched in the final.”

Ishan snorted. “Oh, yeah. I definitely feel like shitnow.”

Shastri shot him an amused smirk. “Also the first Captain in a decade to win your school the U-17 league.”

Ishan roughed his hair in agitation. “Do I look like a fucking Captain to you right now? It doesn't matter anymore. People were right, my pride is worthless.”

“Then prove them wrong.”

Ishan looked up. “Huh?”

""Kids these days act like life ends at eighteen,"" Shastri said with a scoff. “Is there anything like worthless pride? Maybe.”

“Is there a ‘but’?” Ishan asked in a small voice.

Shastri smiled. “Butdon't you ever let them forget your worthless pride.”

Ishan studied the man’s expression, looking for any sign of pity, but there wasn't any. “Why are you here? You’re Shubman’s personal coach, aren't you?”

Shastri took a swig of his diet coke that happened to have magically appeared in his hand. “I’m also one of the scouts today.”

Ishan’s eyes widened in surprise as he stood up abruptly. “R-Really? Is Shubman getting selected?”

Ishan couldn't figure out if it was hope or resentment that bubbled in the pit of his stomach. Shastri waved dismissively, “It’s not much of a competition when there’s Virat and Rohit. We pick our players halfway through the season, boy. Does it make you feel any better now?”

“Hell no. It makes me mad,” Ishan grunted.

“That’s a good sign,” Shastri laughed as he gazed out at the ground. “Gill, he’s going toMeridian.”

Ishan snapped his head up, his heart racing with a mix of surprise and disappointment. Shubman hadn't mentioned anything about it. Sure, both of them had applied for one of the most prestigious sports institutes around but Shubman never told him he got in. Probably because Ishan hadn't received his acceptance letter yet.

“Oh,” was all Ishan could say.

Shastri looked back at the boy. “Come toSummit, Kishan.”

“Are you offering to train me?” Ishan asked with a frown. He knew Shastri wasn't one to go around advertising, so there must be a catch.

""I couldn't care less about all that anymore,"" Shastri snorted. ""I'm just waiting for my retirement, then I'm gonna wander the mountains, smoke weed with the ascetics or something.""

If Ishan wasn't so caught up in his emotions, he would have been impressed by the man's sheer ability to not give any fucks.

“Why do you want me to come then?” He asked.

Shastri sounded genuine for once when he said, “Summithas never won a final.”

Ishan felt a small ignition behind his eyes. “You think I can make them win?”

Shastri paused as he stared at the boy before smiling, as if he saw something beyond Ishan’s tear-streaked cheeks that he had rubbed harshly enough to make sure no one noticed.

“You think you can't?”

Ishan knew what he had to do. He was going to let his thoughts take over.

So he stood before his two best friends, a steely stoic glint in his eyes. “Congrats.”

Abhishek tried to stop Shubman from sprouting anything stupid, but the tension in the air was palpable.

“That's all?” Shubman sneered. “You didn't show uponce. The boys, Coach, your parents, everyone was waiting for you. That’s messed up, Ishan.”

“I know you're upset,” Abhishek spoke softly. “But things happen in sports, you know.”

“Well, I’m not going to accept as things are. I’m fuckingstubbornand I’ll hold onto that,” he said with a pointed look at Shubman.

“Fine. What are you going to do then? Whatcanyou do, Ishan?” Shubman retorted, growing frustrated by the second.

“I’ll win,” Ishan replied calmly. “I’ll win the college league. I’ll defeat you if that's the last thing I do.”

Shubman wanted to laugh but he felt like he would end up crying. He was tired, so tired of everything.Of Ishan. His love was worn out. His love wasn't enough to save his best friend. So, he didn't shout. He didn't ask what had happened to their promise of playing together. To their dreams of joining the national team someday. Tothem.

Abhishek's grip tightened on Ishan's shoulder as he yelled, “What aboutme?Why do you never think about me? Do you really think we would betray you?Iwould betray you? What have I done to not earn your trust even after so many years, Ishan? You’re fucking hurting me, both of you!”

Shubman felt a lump form in the back of his throat, unshed tears threatening to spill. ""Fuck this. Fuck you both,"" he muttered. ""I’m not going to run myself over for your charity friendship, Ishan.”

Ishan’s stomach churned with guilt, but he knew he had to do this. If he didn't, his thoughts would consume him. He couldn't always hide away in Shubman’s hugs. He had to do something for himself. One day, Shubman was going to see howweakhe was, and leave him for good. Ishan couldn't let that happen. So, he was going to leave first.

He turned to Abhishek, who looked shaken up from all that was happening. “Whose side are you on?”

“Will you just fucking stop?!” Shubman yelled.

But Ishan kept his gaze fixed on Abhishek, who looked utterly heartbroken. “Shubman,” he mumbled.

Ishan simply nodded while Shubman widened his eyes nervously. “Abhi, you don't have to do this. L-Let's just slap some sense into him and it’ll be okay, alright?”

Abhishek released his grip from Ishan slowly, turning to Shubman. “Don't you see it? He’s not our Ish anymore.”

Shubman watched as Ishan turned away, walking out of the room. “Stop him, Abhi. He’ll listen to you, fucking stop him-”

“Shubman,” Abhishek said sharply. “Let him go.”

“No, he’s overthinking again. His mind is scary, it got to him. Please, we need to stop him.” The tears finally rolled down his face as he sobbed.

“We can't protect him forever, Shub. I think he knows what he’s doing,” Abhishek said, trying to sound calmer than he felt.

“What the fuck is he doing?” Shubman mumbled into Abhishek's shoulder as he fell into a hug.

Abhishek smiled through his own tears as he rubbed circles on Shubman’s back. “Hedoingthis to put a stop to his thoughts,” he murmured softly. “He will come back, Shub. He’ll come back stronger than ever.”

It's not that they stopped trying to contact Ishan. It was just that their hearts broke every time the hopeful ring turned into “The number you have dialed is no longer in service.”

♡₊˚ 🦢・₊✧

a/n:fucking3kwords. ab toh nahi milega update jaldi :)

btw i was watching that mi vs srh practice clip of ishan & abhi. and like. do you see how ishan just grabbed abhi’s waist and pulled him in??? im100% sure ishan calls abhi babygirl, and they both annoy mayank to no end. even in that clip, after that smexy pull, they turned to mayank lmao. count my fucking money that ishan flirts wih abhi 💯"
17,CH: 13,https://www.wattpad.com/1436834899-rematch-ishman-%E2%9C%93-ch-13,Unknown,4417,270,269,"a/n:jeetne ki khushi mein update. today MI was MI-ing. no downfall will stop me from supporting them. and ishan meri jaan, you were a beauty today <3

♡₊˚ 🦢・₊✧

Ishan woke up in a cold sweat, his heart pounding in his chest. He rubbed his temples with a groan, the harsh lights stinging his eyes. “Fuck, am I dead,” he muttered.

“Not yet.”

Ishan blinked at the sight of Aditi beside him. “Am I dreaming?”

“No,” she chuckled softly, handing him a glass of water.

Ishan mentally cussed, realizing she had probably seen him sprawled on the bed like a dying seal for god knows how long. Clearing his throat awkwardly, he sat up. “What’re you doing here?”

“Would you rather wake up to someone else?” she teased.

Ishan flushed a little. “Um, that’s not what I– How long have I been out?”

She didn't answer. Instead she crossed her arms, a concerned furrow appearing on her brow. “You know, Ishan, you really had us worried.”

“Sorry, I just…” he trailed off, rubbing his neck.

“What are you sorry for, silly? For being selfless?”

Ishan winced, feeling a pang of unease. “I’m not sure if that fits me,” he mumbled.

“Hm?”

“Nothing. H-How’s the match going?”

Ishan’s voice wavered with jitters. What if they were losing? Or worse, what if they were losing because ofhim?Besides, he had a promise to fulfill– the one he made to Shubman three years ago.

Oh, right. He remembered Shubman shouting his name before he blacked out. “Who brought me here?” he asked, finally glancing around the medical room.

""Tilak,"" Aditi replied. ""The timeout ended, so the others couldn't leave the ground.”

""I see,"" Ishan muttered. “Poor Tillu, the boy’s barely got any flesh on him.”

Aditi chuckled softly as she looked for the cold packs. Ishan watched her quietly, his mind still reeling from what happened. What were the odds of history repeating itself on a day he'd desperately wished it wouldn't? The weight of knowing he was responsible for his own injury both times sat on his shoulder like the eagle pecking out Prometheus’s liver.

“Earth to, Ishan?” Aditi's voice broke through his thoughts as she waved her hands in front of his face. “You've been a little lost lately. What's the matter, Ish?”

Ishan’s breath came out labored, his body hunched over as his hands clenched tightly around his head, fingers digging into his scalp. “I feel pathetic, Adi.”

Aditi softened at how vulnerable he looked. She moved closer to him, gently patting his back. “I’m listening, tell me what's been bothering you.”

He peeked at her from behind his hands, half expecting to see a look of pity or charitable sympathy. But there was onlyaffection. Ishan had never spoken out loud about what happened, not even to Mayank. Everyone had a vague idea about how him and Shubman fell out, but no one knew the hurt that came along with it. He fleeted his gaze around the walls, fearing that Aditi too would see the weakness he had so long tried to hide from her. “Do you know that I never played the U-17 final?” he asked, swallowing a lump in his throat.

“Yes, I heard,” she replied, nodding slowly. “Have you been thinking about the past?”

Ishan shifted on the bed uneasily, finding the right words. “I injured myself the day before the final… just like now. I don't know why it happened again.”

Aditi smiled softly, nodding along as he continued. “I think I was so scared of it happening again– and I was trying so hard to prevent it–thatit inadvertently ended up happening again. Sorry, am I making sense?”

“You are. It happens sometimes; some kind of fear-desire paradox, I guess,” she replies with a weak laugh. “Ish, I want you to know that making mistakes is okay.”

“But-!” Ishan almost exclaimed, but caught himself before he let out a frustrated sigh. “Two times, Adi. How can I fuck up the same twice? And it cost me more than just the match. It cost me… everything.”

He blinked back the tears threatening to spill. Fuck, he didn't want to break down in front of her. “I’m sick of myself, Adi. Ireallytried this time, I did. No one has hurt me like I have,” he whispered shakily. He glanced at his hands that have gotten rougher in the past few weeks with all the relentless practice.

Aditi couldn't bear the sight of theirbrightestboy hurting. He didn't deserve to feel this way, not when all he had ever done was make others feelworthy. “Ishan,” she smiled, prompting him to look up.

“Let it go,” she said.

Ishan stared at her through his blurry vision. He waited for her to continue but that was all she said.What? What do I let go? What if it leaves claw marks?It was the worst time to remember something his high school English teacher, in a class that Ishan found particularly uninteresting even by his standards, had said.“When you’re born in a burning house, you think the whole world is on fire. But it’s not.”Maybe that’s what it was. Ishan hadn’t known anything other than his regrets for a long time. He had built a home in them.

“Ish,” Aditi finally spoke again. “Forgive yourself.”

Ishan was crying before he realized. His hands quivered like a prayer, spread over his body like mercy. Then it justclicked. The answer was right before his eyes all along. He was just not brave enough to ask the question.

What do you do when you fail, again, and again, and again?

You forgive yourself, again, and again, and again.

He looked up at Aditi, who hadn’t stopped smiling. “What if I don’t?” he asked.

Her smile only widened. “Time will pass anyways.”

Ishan's laughter bubbled forth, genuine and unbridled. ""You're right,"" he conceded with a chuckle, wiping away his tears. ""So I might as well.""  It was as odd as it was not, how simple life was. Just like cricket. What choice was there but to keep going,despite?Win or lose, what mattered was to never give up.

“What do you regret the most, Ish?” Aditi asked, breaking the comfortable silence that had stretched on.

What did he regret the most? Was it injuring himself? Or was it not being good enough? Or was it blaming Shubman? Or was it abandoning Abhishek? Or was it just being a seventeen year old boy with dreams?

""I….regret,” Ishan felt his mouth go dry. “I regret not being there with my team that day, when they won– whenwewon. I regret not running down to the ground, even with my injury, and crying with them instead of crying alone in the dressing room. It wouldn't have mattered that we were crying for different reasons if we weretogether.”

Aditi smiled. It didn't look sad. It was one of her beautiful smiles that Ishan would often remember on random afternoons, gazing at the sunset. “Then do it now,” she said.

“H-Huh?”

“You asked me how long you were out, right?”

Ishan raised an eyebrow, his head tilted in confusion. Aditi added, “Long enough for us to win.”

Ishan's eyes widened, a small gasp escaping his lips. “Please tell me you’re joking–”

“I’m not!” Aditi giggled happily. “We did it, Ish!”

All Ishan could do was cry again. This time though, happy tears. He quickly rose to his feet, his eyes gleaming with mirth. Suddenly, it didn’t matter who won them the match. It didn’t matter if he couldn’t play. It didn’t matter if he couldn’t see Shubman’s face asMeridianlost. All that mattered was that theywon.

“God, I think I’m gonna pass out again,” he exclaimed.

“Not before you kiss the trophy!”

Ishan spun around to see his teammates, immediately jumping into their midst. He reached out to ruffle Rishabh's hair proudly, who stood tall holding the trophy. Ishan's heart swelled at the sight of it. “She’s gorgeous,” he whispered as the others chuckled.

“It’s finally yours.”

Ishan shook his head before pecking the cool surface of the trophy. “Ours.”

“O Captain! My Captain!” Surya sang, as everyone cheered.

Rohit swatted Ishan’s head gently when the boy looked like he was about to tear up. “Tilak and Siraj cried enough on everyone's behalf,” he said, pulling the boy in a tight hug. Everyone stared fondly as Ishan’s breathy laughs filled the room. Tilak and Siraj latched onto their Captain like leeches and bawled out their eyes yet again.

""Guess who took Gill’s catch,"" Mayank said with a smirk. Then, before Ishan could respond, he blurted out, ""Abhishek!""

Ishan's smile wavered slightly, but he quickly covered it up with a chuckle. His eyes searched for the boy in the huddle, but couldn't find him. Long after their celebratory dances and group selfies, he slipped away to look for him. Sure enough, Ishan spotted him, quietly watching Shubman's post-match interview from a distance.

Ishan hesitated as he inched closer towards the boy. Abhishek’s shoulders looked slumped from behind, like he was trying to make himself smaller. Ishan clenched his fists, breathing deeply, as he whispered to himself, “Let it go.”

Abhishek yelped in surprise as someone suddenly leaped onto his back, nearly knocking the wind out of him. The only reason why he didn't drop the person was because he knew who it was. He had done this more times than he could count. His hands shot out and grasped the other’s calves as easily as breathing. He knew that giggle tickling his ears like the back of his hand.

""Ish,"" he spoke in his softest voice.

""Don't you think you should check on someone who passed out?"" Ishan pouted.

""I thought you wouldn't want to see me,"" Abhishek mumbled.

Ishan's heart broke a little at that. He raised his hand and smacked Abhishek, prompting a whine from him. “Yeah, I would never want to see you if you say something stupid like that again,” he huffed.

Abhishek chuckled weakly, rocking lightly on his feet. “Okay, I’m sorry. How are you feeling now?”

“Hm, very proud.” Ishan rubbed his cheek against Abhishek’s affectionately, causing the other to giggle as well. “I’m so proud of you boys.”

“Especially me, right?” Abhishek grinned.

“Especiallyfor taking Shubi’s catch.”

“Oh, you should have seen his face! So satisfying.”

Ishan guffawed, throwing his head back. “Man, I missed it. I can finally gloat to him for the rest of his life.”

Abhishek hummed softly as they gazed at the boy in the distance. While his smile seemed strained, he didn't appear as distraught as Ishan would have been if they had lost.

Later, when Ishan was planting a kiss on Abhishek’s cheek as he got piggybacked around, Shubman rushed to them, letting out a dramatic gasp. “How many betrayals tonight, Abhi?!”

Ishan rolled his eyes playfully, then leaned in to deliberately kiss the boy's other cheek. Shubman let out a small squeal, reaching over to rub Abhishek's face with the hem of his sleeve. “No PDA if I can't join!”

Abhishek chuckled, pushing away Shubman. “Shoo, I’m having some quality time with my best friend,” he said, sticking out his tongue.

Shubman pouted, puffing out his cheeks. Then, with a grin, he jumped onto them, causing them to tumble down together. Hearty laughs filled the air around them as they lay on the ground, gazing up at the night sky.

“Do you remember when I had my leg fractured in middle school?” Ishan asked.

“I definitely remember Shub crying like you were about to die,” Abhishek said with a snicker.

Shubman swatted his arm, huffing. “I was worried, okay? He was so small, I thought his body was more fragile than others!”

Ishan shot him a glare before continuing, “I couldn't play for so long, and I used to sulk around all day. I couldn't even watch Dhoni play because my hands would itch to get on my gloves, and then mom would scold me.”

Shubman scrunched his nose, remembering howemptyit felt to not have Ishan around in practice. “Then we lied to you that we weren't playing either, so that you would feel better.”

Ishan sighed. “Yeah, but I could never let that happen so I told you guys to- Wait, you lied?!”

Shubman erupted into fits of giggles as Ishan playfully tickled him, and Abhishek joined in. ""Would the loser like to say anything?"" Ishan asked with a smirk, his fingers still dancing along Shubman's sides.

Shubman huffed, attempting to swat Ishan's hand away amidst his laughter. ""But you didn't even play,"" he replied before he could fully catch his breath. The regret followed instantly when Ishan stilled, his hands falling by his sides.

Shubman wished Ishan would slap him, punch him, anything to alleviate the guilt gnawing at him. His heart clenched as he shut his eyes, bracing himself for Ishan's reaction.Why am I so stupid?He did not have the heart to look at those hurt eyes, not when he’d spent the past few weeks trying to win Ishan’s trust again.

“Low blow, Shub,”Abhishek thought as he nervously glanced at Ishan, ready to hold him down if the boy tried to bolt.

Shubman was forced to open his eyes when Ishan tightened his grip on his collar. “Ish, I’m–”

“I guess I didn't even need to play to beat you. That's how good my team is,” Ishan said with a grin.

Shubman gaped, not sure how to respond. Abhishek finally chuckled, slinging an arm around Ishan. “Damn right! Sucks to lose, eh?”

A short laugh escaped Shubman’s lips, turning into a relieved one. “Whatever, I won the POTT this time,” he beamed.

“I took pity on you,” Ishan said, ruffling his hair.

Shubman could die happily tonight if you asked. He wasn't sure what changed and he didn't dare ask. Whatever it was, he was thankful to have his Ishan back. He pulled the smaller boy in a desperate hug, holding him tightly. “I missed you,” he whispered.

Ishan’s expression softened as he rubbed the other’s back affectionately. This was it.Home. “I missed you too,” Ishan whispered back before pulling Abhishek into the hug as well.

If life ever gives you a second chance, grab it like the hand of an old friend.

♡₊˚ 🦢・₊✧

a/n:sorry for the lack of ishman, but i truly believe that main characters do not make a story. aditi and abhi will have a big role here, and without them, ishan can’t have his character development. he made some progress in this chp tho, didn’t he?

also, this chp is dedicated to everyone who struggles with themselves like me. just remember– wakt hai, guzar jaayega :)"
18,CH: 14,https://www.wattpad.com/1437807198-rematch-ishman-%E2%9C%93-ch-14,Unknown,4755,273,276,"Shubman was annoyed at the very least, if his puffed cheeks and scowl were anything to go by.

""What's got your panties in a twist?"" Yashasvi quipped, sparing him a sideways glance.

""Nothing,"" Shubman replied calmly.

Yashasvi concluded that it was, in fact, something. But he couldn't be bothered to entertain one of Shubman's man-periods, especially when they had just lost the final. Nevertheless, he followed the boy's gaze to the skipper ofSummit, who was being carried around, princess-style, by someone for some reason.

Yashasvi rested a comforting hand on Shubman's shoulder. ""I will avenge you next year.""

""Huh?"" Shubman turned to him. ""Oh. Yeah, of course.""

Yashasvi continued to talk about the plans he already had for the next season, which Shubman would have liked to listen to, being the good senior he was, if his mind wasn't preoccupied by a certain giggly boy who seemed to be having way too much fun without him.

It was when their eyes met for the third time across the ground and Ishan swiftly averted his gaze that Shubman decided to stride over to him, leaving Yashasvi's mouth agape.

Yashasvi blinked at the retreating back. ""The only person I can stand in this whole darn team is you,"" he grumbled to the person next to him.

""I know!"" Dhruv beamed.

Yashasvi stared at his perpetually smiley friend. ""Too bright,"" he mumbled, grabbing both of their kits before announcing a race to the dressing room.

Shubman stood unimpressed as he walked into Mayank demonstrating his bulking muscles by lifting Ishan for everyone to see.

""Ish, can we talk?"" he called out rather loudly.

""Sure,"" Ishan replied, signaling for Mayank to put him down. Mayank brushed off the tension in the air and chased after Abhishek to lift him up too, much to the other's embarrassment.

""What's up?"" Ishan asked once they were a few yards away from everyone.

""You tell me what's up,"" Shubman's pout returned. ""You say you missed me, and then you go around hanging out with others. Shouldn't you give me all your attention after, oh I don't know, THREE YEARS?""

Ishan suppressed a smile, clearing his throat. ""But we've been meeting for a while now, Shubman.""

""Don't call me that!"" Shubman exclaimed, smacking his ass.

""Oi,"" Ishan hissed. ""You've grown so-!""

Shubman smirked, leaning in closer. ""Big?"" he whispered.

""Perverted!"" Ishan huffed. Shubman giggled as he draped an arm around the boy, grinning from ear to ear when the other didn't push him away.

""Ishhh,"" he drawled.

""Hm?""

""Spend the night with me.""

Ishan shot him an amused look. ""To do what?""

""Anything,"" Shubman wiggled his eyebrows suggestively. Ishan stared at him until both of them bursted out laughing.

""I'm serious,"" Shubman whined. ""We haven't cuddled in ages!""

""Grown ass man,"" Ishan muttered, rolling his eyes.

""What, am I too old for your affection now?"" Shubman shot him those irresistible puppy-dog eyes.

Ishan sighed. ""Shubi, I'm rooming with Mayank-""

Shubman scowled, crossing his arms. ""Oh, you can't stay away from yournew best friendfor one night, is that it?""

""Stop acting like you hate him, Shubi. How much longer will you cling to that grudge over a jersey-""

""It was a limited edition, signed jersey! OfSachin!"" Shubman argued. ""And why didn't you deny it when I called him your best friend?"" he added, gasping dramatically.

Ishan was so done with this boy. He simply walked away after shooting him an eye-roll. Shubman chuckled and followed him, nagging him to let him stay over.

""The puppy is back,"" Rishabh remarked as he stuffed his face with ice cream (courtesy of Shastri). Tilak nodded, though he couldn't see any puppy in sight.

Ishan narrowed his eyes as he watched Shubman lock the door. ""No funny business, Gill,"" he warned.

Shubman shrugged innocently. ""Just making sure monkey- oops. I mean, Mayank doesn't barge in.""

Ishan sighed, lacking the energy to argue at midnight. Mayank could crash with someone else; he'd get the memo.

Ishan could feel eyes on him as he pulled his shirt off. He put on a good show of not noticing as Shubman drew closer. Only when Shubman's fingers reached for Ishan's hair did he meet the other's gaze.

""Will you come out of the shower smelling like vanilla again?"" Shubman asked.

Ishan nodded slowly, puzzled. ""W-Why?""

""It's suffocating,"" Shubman said, his eyes tracing the shape of Ishan's lips.

""Oh, sorry-""

""I like it.""

When Ishan tilted his head in confusion, Shubman added, ""I want to be suffocated by your scent. It calms my nerves.""

After a pause, Ishan replied, ""You know, sometimes you creep me out."" He gently pushed Shubman away and made his way towards the bathroom.

Shubman chuckled and settled onto Ishan's bed, his gaze drifting out of the window. He wrapped his arms around one of the pillows, holding it close to his chest. After ten minutes of pretending it was Ishan, and showering it with peppery kisses, Shubman started counting stars in the sky.

Ishan ended up spending more time than usual in the shower. As he stood before the mirror, he stared at his own reflection, the fog slowly dissipating. He rubbed the wetness on his palms against the towel. He made sure to bring his change of clothes with him, not willing to risk any more nudity.

As Ishan stepped out of the bathroom, the room was dark, lit only by the soft moonlight filtering in through the window. ""Shubi?"" he called out, as he approached the bed.

Shubman hummed softly before pulling Ishan down, enveloping the other's back with his own chest. He nestled his nose into the crook of Ishan's neck, planting a feathery kiss on the boy's shoulder.

""Why are you sitting in the dark?"" Ishan asked, rubbing circles on Shubman's knee.

""You smell nice,"" Shubman replied instead.

Ishan bit back a smile. ""Stop sniffing me,"" he nudged.

The silence that followed was comforting. With Shubman, Ishan could simply be quiet. He could let go and justexist. You can find a lot of people to talk to, but not many to be silent with.

It took Ishan some time to notice the wetness on his shoulder. ""Why are you crying, idiot?"" he murmured softly.

""I'm not an idiot,"" Shubman sniffled in response. He wrapped his hands around Ishan's ribs, pulling him closer than he already was. ""I'm scared that this is all a dream. What if I wake up tomorrow and you go back to hating me?""

""Should I pinch you real hard?"" Ishan teased, eliciting a small whine from Shubman.

""Okay, geez. You're such a sap, Shubi. You know I'd never truly hate you. I was just... upset,"" Ishan reassured him.

""For three years?"" Shubman huffed.

Ishan turned around slightly, the tip of his nose grazing against Shubman's cheek. ""Sometimes you have to give up things you love, that is the price ofgrowing.""

Shubman remained quiet for a moment before finally mumbling, ""Was it that easy to give me up?""

Ishan bit the inside of his cheek, turning away as Shubman spoke with a hint of remorse, ""I'm sorry. I haven't forgiven myself for not trying to stop you that day.""

""It's not entirely your fault. I can't always depend on others,"" Ishan sighed. ""It was only a matter of time before it happened again. I needed to stop running from myself at some point.""

He gently wiped away Shubman's tears before pressing a light kiss on his cheek. He spoke before the other went on blubbering, ""Do you really want to spend the night crying?""

Shubman let on a small smile. ""Okay, then. Distract me.""

""How so?"" Ishan let out an amused huff, playing with Shubman's fingers idly.

Shubman gently grasped Ishan's jaw, tilting his head towards himself. ""Can I?""

Ishan blinked. ""What?""

Shubman's cheeks flushed (he mentally thanked the darkness).Did Ishan forget?

""Can I kiss you?""

""No!"" Ishan yelped almost immediately.

Shubman's expression fell as his dog-ears drooped. ""No?""

""Um,"" Ishan squirmed uneasily. ""W-We shouldn't do it without any reason, right?""

""Hm, what was your reason back then?""

Ishan felt his ears get warm as Shubman's warm breath brushed against his face. ""I don't know,"" he mumbled. It was to rile the other up. Probably.

""I don't know either."" Shubman smiled, inching closer. ""So do you want to....""

Ishan's eyes darted around nervously, he was ready to jump up and make a run for another shower when Shubman chuckled.

""Watch Star Wars?"" he completed.

Ishan released a breath he hadn't realized he was holding. Then, he playfully slapped Shubman's cheek, only for the other to catch his hand and press a kiss on his knuckles. It wasn't anything odd for them. Shubman had first done it when Ishan had almost burnt his hand while trying to bake a cake for Shubman's birthday.

""Yeah,"" Ishan replied softly.

Shubman couldn't concentrate, not even drooling at Anakin's entrance, which earned him a pointed look from Ishan.

He was caught up mentally kicking himself for his stupidity. Why did he have to go and askthat?It was different when they wereself-proclaimed enemies. Maybe Ishan was right. There was no reason to do it again.

Still, Shubman couldn't help but wish there was.

""He locked me out!""

""Calm down, Mayank,"" Abhishek interrupted, rolling his eyes at the boy pacing angrily around his room. ""It was probably Shubman.""

""Exactly,"" Mayank huffed. ""Who's he to-""

""Ishan's best friend.""

""Ouch.""

""Get used to it,"" Abhishek said with indifferent shrug.

""Yo, I wasn't being serious,"" Mayank let out a weak laugh.

Abhishek rubbed his neck awkwardly before managing a grin. ""Let the lovebirds be. C'mon, let's watch-""

""Please don't say Star Wars.""

Abhishek scrunched his nose, shaking his head. ""Do you take me for a nerd?""

""Thank God,"" Mayank sighed in relief, flopping down next to the boy. ""You would look cute in glasses though,"" he muttered after a while.

""Shut up,"" Abhishek retorted, ignoring the warmth in his cheeks.

♡₊˚ 🦢・₊✧

a/n:typing this as ishan scored 50. i love this boy so much. mera dil garden garden ho gaya, result kuch bhi ho.

side ships in this fic may beromanticor platonic, whatever you like. i love yash & dhruv btw. they’re so grumpy x sunshine coded. there’s going to be some DB-tilak too heh."
19,CH: 15,https://www.wattpad.com/1439100221-rematch-ishman-%E2%9C%93-ch-15,Unknown,4246,255,297,"Shubman woke up to find Ishan curled up against his chest. He cautiously shifted away a bit, worried that his racing heart might wake Ishan from his sleep.

Unfortunately, he also noticed Mayank looming over him, glaring intently. Shubman almost shrieked.

“How did you get in?!” he shouted in a hushed voice.

“You think it’s my first time getting locked out of my own room?” Mayank retorted, rolling his eyes.

“Then why didn't you come last night?” Shubman asked, slowly getting out of bed, causing Ishan to stir in his sleep a little. He mentally cooed at the sight of Ishan wrapping his hands around the pillow habitually.

Darned pillow, getting to cuddle his best friend for three years. Tch.

“Thought I should give yourotherbest friend some company,” Mayank snorted. Was it purely for self-interest reasons? Yes. Did anyone need to know about it? No.

""Crap,"" Shubman muttered, realizing he might have ditched the boy last night. His face lit up with a mischievous grin as he asked, “Is he still sleeping?”

“Yeah. Why?”

“Abhi, I’m coming, baby!” Shubman sang dramatically before dashing out of the room, armed with the perfect idea to wake him up.

Mayank shrugged it off, then turned to a sleeping Ishan. The boy jolted awake when Mayank almost kicked him out of the bed.

""WHAT HAPPENED?"" Ishan demanded, his eyes darting around nervously, as if scouring for any signs of a potential raid.

Mayank only smirked. “Race you to the mess,” he declared before taking off.

“Wait, what?” It took Ishan a moment to reboot his brain for the day before he exclaimed, “You fucker–!”

After freshening up and throwing on a shirt (did he sleep shirtless?), Ishan stomped down the hallway with an annoyed glare before he bumped into Aditi, who could easily be mistaken for an angel this early in the morning.

""Aren't you supposed to have today off?"" Ishan asked, a smile quickly spreading across his lips.

Aditi was about to mention that she had some work with Rohit, but then she paused, her dimples popping off cheekily. “That's exactly why I’m here. Let’s go.”

Ishan rubbed his neck sheepishly. “Um, where to?”

“On a date.”

Ishan blinked, feeling a blush slowly creeping into his cheeks. “N-now? Just like that?”

“You got any problem?” Aditi asked, crossing her arms.

Ishan glanced down at himself, mentally cringing at his outfit. He sighed and smiled up at her. “No, ma’am.”

“Where’s Ishu baby?” Hardik asked, munching on a carrot.

“Not a baby anymore, Harry,” Rishabh said with a snicker. “He’s on a date.”

Surya whistled. “Finally.”

Shubman frowned, looking up from his plate. “What do you mean finally?”

""You see, Ishan has had this not-so-subtle crush on Aditi for almost a year now,"" Rishabh explained. ""But he is a total wuss, so I guess she stepped up the game herself.”

""Oh."" Shubman wasn't sure how to feel about his best friend not sharing his love life with him. To be fair, they hadn't been on talking terms for three years, but Ishan could have mentioned it when they started talking again a few weeks back!

“Aw, a girl snatched away your best fwend. Is wittle Shubi going to cry?” Mayank drawled in a mocking voice.

Glaring, Shubman threw a grape at him, which Mayank deftly caught in his mouth. “Whoisthis Aditi anyway?” he asked.

“Angel.”

“Sunshine.”

“Flower.”

“Our team manager,” Surya supplied after thehelpfulreplies from the others.

Shubman scrunched his face. “And she is intoIshan? Talk about compromise.”

“Liar,” Mayank muttered under his breath.

“Should we spy on them?” Yuzi asked, a mischievous glint in his eyes.

“That's so wrong,” Rishabh gasped. “We should absolutely do that.”

Jaddu snickered as they high-fived each other, causing Abhishek to groan. “Really guys? What are we, middle schoolers?”

Mayank considered for a second before siding with Yuzi. “I’m in for some blackmail material.”

Abhishek shook his head, turning to Hardik. “Vice-Cap, knock some sense into them, please.”

Hardik looked into the distance dramatically, declaring, “I must go and protect Ishu baby.”

Abhishek face-palmed before sighing. “Shub-”

""Guys, hurry up!"" Shubman exclaimed happily, causing Abhishek to gape. He hadn't realized Shubman was already on his feet, ready to go.

“You’re getting nothing out of being mature here, hero.” Surya smiled, offering Abhishek a hand.

Abhishek couldn't help but laugh at the absurdity of the situation. “Yeah, I guess I could live a little.”

“No way,hehas a girlfriend too?” Rishabh gasped as they strolled around the campus park, judging couples.

They couldn't spot Ishan and Aditi, but they did manage to gather the latest gossip about who was dating whom and who was cheating on whom.

Shubman grew impatient, starting to wonder if they were at the wrong place. But where would they go so early anyway? He wanted to see Ishan’s reactions– how he blushed, smiled, and acted shy around someone he liked. Ishan never dated anyone in school, dedicating his soul and body to cricket. So what faces would he make while being kissed?

Oh, wait.

Shubman already knew that.

God, Shubman had kissed his best friend. His lips had touched Ishan's, and had trailed down the boy’s neck. It felt like a fever dream now.

He was busy blushing all by himself like an idiot when he heard Rishabh gasp. “Isn't that Tillu?” he spoke, pointing over to the boy who was few yards away.

“He hasotherfriends?” Mayank gaped, referring to a boy sitting next to Tilak. He had never seen Tilak talk so animatedly, causing his friend to listen to him fondly.

“Are they- Wait, are they holdinghands?” Surya pointed out.

Tilak waved them over as soon as he noticed them. “What’s up, guys?”

“Tillu, you made a friend!” Hardik slapped his back proudly.

Tilak chuckled, nodding brightly. “Isn’t he a total cutie?”

The boy blushed visibly. Cons of being white, probably.

“Aren’t you the exchange student who joined last year?” Surya asked, to which he nodded. “Man, you were the talk of the campus last year. New basketball prodigy ofSummit, I heard.”

“Great! Rohan can eat shit,” Hardik snorted. “What’s your name, White Boy?”

“This is DB,” Tilak beamed. “My boyfriend.”

Everyone stilled in stunned silence. For some reason, Shubman felt like he had to say something as a sense of unease settled on his chest. It was absurd because it's not like the situation was about him. His secret was still his, and Ishan’s. No one could know he was gay. Not if they were going to react like this. Shubman really wanted to say something before this Tilak guy, who wasn't evenhisteammate, watched his friends stare at him like strangers.

“Damn, Tillu got game!”

Rishabh was the first one to break the tension, followed by others with hoots and whistles. Hardik once again proudly slapped Tilak on the back. “You better treat him right, White Boy!”

DB chuckled, slinging an arm around Tilak. “Of course, mate.”

Only then did Shubman realize that Tilak hadn't stopped smiling, not even when everyone else paled like ghosts. How much trust did he have in his team? The knot of unease did not leave Shubman. How could Tilak be so open about it? How was he so brave? How had the world not broken this boy’s heart yet?

“Isn't it funny, though?” Abhishek spoke. “To think that Tilak found someone in the basketball team. I thought those guys were assholes.”

“Theyare. Just not him,” Tilak replied, looking at his boyfriend fondly. “Well, why else do you think they hated me?” he said with a scoff.

“You didn't try to keep it a secret, huh?”

“He’s way too beautiful to be a secret. Aren't you, DB?” he nudged his boyfriend, who grinned adorably.

Shubman felt a little sick. God, what kind of terrible human was he to not be able to see two guys happy together? Heenviedthem. He walked away from the group quietly to get some air, leaving them to tease the hell out of the two lovers.

""Since we won, now what?"" Aditi asked, slightly trailing her fingers along the flower bed.

“I don’t know,” Ishan hummed. “We graduate in three months. What's really left to do now?”

Aditi turned to face him. “Aren’t you trying out for domestic?”

Ishan shot her a weak smile, rubbing his neck. “I couldn't play the final, Adi. I don't think the scouts would consider me.”

“One match doesn't define you,” Aditi protested. “You’ve performed incredibly all season. Believe in yourself, Ish.”

“I find that a little hard to do,” Ishan said with a wry chuckle.

“Then let me.”

“What?”

“Let me believe in you, Ishan. You won't let me down, right?”

Ishan stared at her for a second, wondering what he had done to deserve having her by his side. “Never,” he said with a genuine smile.

Aditi’s dimples peeked out again, prompting Ishan to reach out with his hand before he realized, stopping midway. He decided instead to tuck away a few strands of her hair, causing her to blush.

“Kindness looks beautiful on you,” he whispered.

“You make me kind, Ish,” she whispered back.

Ishan waited for his heart to thump loudly against his ribs as he dropped his gaze to her lips. He waited, almost expecting it to hurt his chest like when he had kissed Shubman. He waited long enough for Aditi to pull away with a strained smile.

""I… had some work with Rohit actually. I’ll see you later,” she said as she got up.

Ishan cursed under his breath before calling out, “Aditi!”

“Hm?”

“I like you.”

Aditi’s eyes widened slightly before she smiled. “I know.”

“Will you be my–”

Aditi chuckled as she gently pulled Ishan’s cheek, making him blush immediately. “First take me out on a proper date, Ish.”

“Right, of course.” Ishan couldn't contain the wide grin that spread across his face. ""Would you like to go on a date with me tonight?”

“Thought you’d never ask.”

Shubman shouldn't have stepped away to get some air because if anything, he feltsuffocatedwatching Ishan’s confession.

He should be happy for his best friend, happy that Ishan finally got the girl he liked. But he wasn't. God, he really was a terrible human.

Shaking his thoughts off, he walked back to the group. Rishabh jumped on him like a madman. “Shastri was flirting with the Prof from Physiology! Can you believe it?”

Shubman tried to process the news, but there had been a lot of information in the span of an hour. He was about to call it a day and head back to the dorms to sleep off the rest of the day when Mayank asked him, “Did you find Ishan?”

“I wish I found him sooner.”

♡₊˚ 🦢・₊✧

a/n:some of yall were asking for ishan x aditi crumbs so here you go. they are very pookie coded here. you’ll see why it’s impossible to dislike characters in my fics hehe.

i wasn’t about to set tilak and DB together already but their relationship was the trigger for shubman. we’re about to enter the realization and jealousy era now, cheers.

btw, shubman doesn’t have any feelings yet (according to him) so koi ishan ko gaali nahi dega hmph. told you, this is a slow burn. tho maybe i should pick up the pace because inIOIIY, chp 15 was the beginning of the end already."
20,CH: 16,https://www.wattpad.com/1439709669-rematch-ishman-%E2%9C%93-ch-16,Unknown,4612,249,471,"""Ish, let’s go for a movie,” Shubman said, though he knew the other’s reply.

Pausing from styling his hair, Ishan frowned at the unruly strands that kept falling on his forehead. ""Sorry, meri jaan. I've got plans in an hour,” he said inattentively.

""Yeah, plans withme."" Shubman grinned.

“No.” Ishan let out an amused huff, finally turning to him. ""How about we go tomorrow?""

Shubman shot him an unimpressed look, his hand reaching out to gently brush Ishan’s hair aside. Ishan let out a small groan as more loose strands fell across his forehead.

“Are you meeting Aditi?”

“Yeah,” Ishan replied, a smile tugging at his lips.

“Is it a date?”

Warmth crept up Ishan’s ears as he felt a flutter of giddiness at the word date. “Yes, I’m so–”

“Don’t go.”

Ishan looked up at Shubman with a small frown. “What?”

Shubman inched closer, his hand gliding down Ishan's face before cradling his jaw. “I don't want you to go on a date with her.”

“Well,Iwant to.” Ishan tilted his head in confusion. “I’ll go to the movies with you tomorrow, alright?”

“What will you do on the date anyway?” Shubman asked in response.

Ishan averted his gaze from Shubman's face, which seemed to be drawing nearer with each passing minute. “You know… Um, just talk and…”

Shubman whispered, his breath warm against Ishan's skin, ""Hold her hand?"" He trailed his fingers down Ishan’s arm, brushing teasingly against his fingers before intertwining them.

“Y-Yeah.” Ishan glanced down at their locked fingers, wanting to break away but couldn't for some reason.

Shubman's gaze drifted down to Ishan's lips. ""Kiss her?"" he asked in a whisper, causing Ishan's breath to hitch slightly.

“I don't know,” he muttered weakly. Shubman’s eyes traced back to his eyes, intense and unwavering.

“I think you should practice a little, hm?”

“What are you talking about?” Ishan mumbled, licking his lips subconsciously.

Shubman smirked. “I know you’re not that docile, darling.”

Before Ishan could reply, Shubman's lips brushed against his own, lingering there, as if waiting for permission. He cussed mentally as he pressed forward, making Shubman smile against his lips.

Ishan moaned a little when Shubman bit on his lip while entering, followed by sucking on his tongue to compensate. Ishan’s smaller frame pressed against the other’s hard chest, their bodies flushing together. Shubman wrapped a hand around Ishan’s waist to pull him even closer.

""Can't let you go out when you taste likethis,"" Shubman whispered between rough little pants as they pulled apart for air.

“I… I need to go, Shub– ah.”

Ishan tilted his head back, inviting Shubman’s lips to his bare neck, where the boy left a trail of hot kisses. He tensed a little when Shubman’s hand reached for his ass. He waited for a grope but the hand slipped into his back pocket instead, retrieving his phone.

“Call her,” Shubman murmured as he held out the phone.

“What?” Ishan breathed heavily as Shubman returned to kissing his neck.

“It’s not nice to make a lady wait. Tell her you’ll be late,” he said with a knowing smirk.

“O-Okay,” Ishan replied shakily.

Aditi picked up on the third ring.“Hey, what's up?”

“Um, Adi. I’m so sorry I-”

Just then Shubman decided to lick a stripe across Ishan’s sweet spot, nearly causing Ishan to moan aloud.Fuck.

“Is something wrong, Ish?”

“Adi, I’ll be a little l-late. Is that f-fine?” he managed to say despite Shubman brutally sucking on his sweet spot.

“Of course, Ish. Text me when you’re ready.”

“Yeah. Thank you, Adi.”

“Take care,”she replied sweetly before the call ended.

Ishan was going to hell. Or maybe he was in hell. And the devil was tormenting him with sweet, dirty kisses.

“You’re such abad boy, Ish,” Shubman whispered.

“Shubi, this is wrong,” Ishan mumbled, biting his lip as the other continued marking his neck with little bruises.

“It’s not wrong if it feels right, meri jaan.”

Fuck Shubman and his manipulative voice. Ishan couldn't help but drape his hands around the other’s broad shoulders. “S-Stop…”

“Do you really want me to?” Shubman hummed.

No, Ishan’s growing boner screamed at him. He let out a sigh before glaring up at his friend, he then pulled him by his collar, bringing their mouths colliding again.

“You’ll take fucking responsibility for this, Gill.”

Shubman liked the ordering tone, not that he was going to admit it out loud. He just muttered a little “yessir” before pinning Ishan to the wall.

Ishan wasn't hesitant once the sensible part of his brain turned into mush. He ran his hands through Shubman's hair roughly, pulling him close, as their tongues swirled together. Shubman’s tongue slipped between his lips, tearing a blissful moan from him. Quickly, though, Shubman pulled back, breathing seemingly endless phrases out into Ishan’s ears, all the while kissing his jaw, his cheeks, his neck, until Ishan was helplessly leaning his head back against the wall.

""I've always been your first priority, Ish,"" Shubman whispered in his ear. ""I don't like change.""

""Y-Yes,"" Ishan almost whimpered.

Shubman bit Ishan’s neck harder than before, just above his collarbones. ""Don’t youeverforget that,"" he snapped.

Ishan let out a sharp breath as he nodded, not knowing how else to react to his best friend’s possessiveness. “You know I’d never replace you, Shubi,” he mumbled.

“Replace?” Shubman sounded amused. “Jaan, you don't want to know the things I’d do to you if you eventhinkof replacing me.”

You'd think yourjust best friendspewing lines like that would maybe need a therapist on speed dial. But Ishan is a fucking idiot, so he doesn't. Fellas, don't let your love for your best friend distract you from their psychopathic tendencies.

“Sorry,” Ishan let out a sharp breath. “Fuck, Shubman, you got me hard.”

Shubman finally pulled back to admire the work of art beneath him. Beautiful. Ishan’s eyes were hooded, heavy with want. His lips were slightly swollen from all the kissing, and there was that hickey–Shubman’s hickey– peeking out from under his shirt.

He lowered his gaze to Ishan’s crotch, a sense of pride welling up within him. Despite how it felt like, he wasn't intoxicated, so he didn't reach out to touch Ishan’s dick. He didn't blur the last line between their friendship and lust.

“Will you just keep staring?” Ishan grumbled, his cheeks flushed red.

Shubman clicked his tongue, walking away. “You’ve got your little girlfriend to take care of it,” he said nonchalantly.

Ishan rolled his eyes, running his hand through his hair to fix it. “What the fuck were you being so adamant about kissing me then? Tch,” he muttered.

“Because,darling,” Shubman sighed. “When she kisses you tonight, you’ll know who does it better.”

Ishan’s mouth gaped a little before he threw a cushion at Shubman, who dodged it with a chuckle. “You narcissistic piece of shit!” Ishan fussed, shaking his head.

“Where are you going?” Shubman asked when Ishan headed towards the bathroom.

“To have a wank, motherfucker,” Ishan replied with a glare. “I can't walk around with a fucking boner, Can I?”

Shubman paused, a grin spreading across his face. He quickly stepped in between Ishan and the door, blocking the way. “Can?Darling, youwill.”

Ishan shot him a flat look. “What kind of weird porn have you been watching?”

Shubman shook his head innocently. “What if you got hard on the field? You can't have a wank then, can you? This is essentially a drill, Ishan. You must know how to control your body’s physiological reactions!”

“Don’t fuck with me right now,” Ishan whined. He tried to push the boy, but his muscles might as well have been made of bricks. Damn it.

“Shubman, seriously.”

“Iamserious, meri jaan.”

Ishan was so frustrated he might as well just jerk off right there. His brain (finally back to function) helpfully supplied that the chances of Shubman shamelessly taking his dick in his mouth were slim but never zero. So, he didn't want to risk it.

“Sick fucker, you just want to hear me begging, don’t you?” Ishan groaned.

Shubman smiled far too sweetly for the absolute evil he was being at the moment. “That's very tempting but I just want you to learn to have more control over your body, Ish.”

“Ah, fine!” Ishan said exasperatedly. He would just jerk off in the nearest public restroom. The sooner he got out of here, the better.

Shubman knew exactly what idea Ishan might have come up with. He decided to let it go, since he had teased the poor boy enough, but not before whispering one last time in his ear, “If you're a good boy until you come back to me, I’llrewardyou nicely.”

Ishan blushed furiously, feeling as if his face was on fire. He calmed down his thumping heart and walked away from the devil incarnate. “Fuck you and your reward!” he yelled before rushing out.

“Yeah, that was the idea!” Shubman retorted with a chuckle.

Ishan felt like he did a decent job not losing his mind in front of Aditi. He flashed her an apologetic smile, which she returned with a warm one of own.

They spent an hour talking comfortably, discussing everything from their upcoming matches to graduation. He might have brought up his best friend more times than one would on a date, but Aditi seemed to be a good listener. Ishan had sensed it from the moment he had started talking to her – they justclicked. Conversations with her didn't feel forced; he always felt at ease. The shy smiles and sneaky glances that they exchanged made Ishan feel like a middle schooler with a crush.

He loved the purity and innocence of their connection. Yet. Somehow there was aprimal,carnallonging that stirred within him when Shubman kissed him.

“Ishan?” Aditi asked, snapping him out of his thoughts.

""Sorry, what did you say?"" Ishan nervously twirled his spoon in his coffee.

Aditi's gaze lingered on Ishan, her eyes narrowing slightly, instinctively drifting to the bruising mark down his neck.A hickey. Her fingers traced the edge of her dress as she looked away biting her lip.

“Nothing much,” she replied quietly. “Just that... you seem a little lost.”

“Oh, um. I just have some stuff on my mind right now. Sorry. I’m not being a very good date, am I?”

Aditi looked down with a small smile, though it appeared forced. “It’s okay, Ish. I had a good time today.”

Was it over already? Ishan wasn't sure if he was disappointed or relieved.

“Do you want to take a walk? There's still some time before curfew,” he suggested, not wanting to head back just yet forobvious reasons.

So, here they were, strolling hand-in-hand. Ishan wasn't sure who initiated it first; he just hoped his palm didn't get sweaty. A part of his brain also replayed the little moment back in his room with Shubman, which he promptly shoved away.

“You’re not seeing anyone, right?” Aditi asked suddenly.

Aditi's sudden question caught Ishan off guard for a moment. ""I wouldn't be here if I were,"" he replied with a smile. “Why do you ask?”

Aditi hesitated a little before shaking her head. “I was just wondering how someone like you could be single,” she quipped with a grin.

Ishan chuckled, nudging her gently. “Saysyou.”

Aditi hummed, her eyes lifting to the moon's soft glow. ""It's a beautiful tonight, the moon.""

""Yeah,"" Ishan murmured, following her gaze to the sky. A smile tugged at his lips as he remembered something. ""Back in the days, on summer nights, Shubman would stay over, and we would sneak out to the roof at midnight to stargaze.”

Aditi glanced at Ishan, waiting for him to look at her. She counted the seconds before finally planting a light kiss on Ishan’s cheek. He froze for a moment, his breath catching in his throat.

“A-Aditi?”

“Is it okay?” she whispered.

Ishan couldn't help but smile, his cheeks tinged with a blush. ""Very,"" he replied softly. When he turned to lean in for a kiss, she gently placed her hand on his lips, causing him to pout in playful protest.

“Not so fast, hero,” she said with a chuckle, removing her hand.

Ishan sighed, nodding. “Come on, I’ll walk you back to your dorm.”

Aditi wished she were braver, to ask about the hickey, about the way Ishan's eyes gleamed when he mentioned Shubman, just like they did when they admired the moon together. But she was, after all, just a girl who liked a boy too much.

♡₊˚ 🦢・₊✧

a/n:i’ve watched some bl dramas where they just villainize a woman for liking one of the characters. that’s so immature and crappy. more disappointing when the female audience doesn’t see anything wrong with it. like your internalized misogyny really shows sometimes lol.

anyways, never in my story will i ever thrash a woman for simply being. a. woman. plus, i quite like writing ishan x aditi. it’s boring to just put all the focus on the main couple because where’s the development???"
21,CH: 17,https://www.wattpad.com/1440203026-rematch-ishman-%E2%9C%93-ch-17,Unknown,,,,
22,CH: 18,https://www.wattpad.com/1441002384-rematch-ishman-%E2%9C%93-ch-18,Unknown,,,,
23,CH: 19,https://www.wattpad.com/1441754172-rematch-ishman-%E2%9C%93-ch-19,Unknown,,,,
24,CH: 20,https://www.wattpad.com/1442648829-rematch-ishman-%E2%9C%93-ch-20,Unknown,,,,
25,CH: 21,https://www.wattpad.com/1442978021-rematch-ishman-%E2%9C%93-ch-21,Unknown,,,,
26,CH: 22,https://www.wattpad.com/1443774277-rematch-ishman-%E2%9C%93-ch-22,Unknown,,,,
27,CH: 23,https://www.wattpad.com/1444408369-rematch-ishman-%E2%9C%93-ch-23,Unknown,,,,
28,CH: 24,https://www.wattpad.com/1445380525-rematch-ishman-%E2%9C%93-ch-24,Unknown,,,,
29,CH: 25,https://www.wattpad.com/1447156955-rematch-ishman-%E2%9C%93-ch-25,Unknown,,,,
30,CH: 26,https://www.wattpad.com/1447667341-rematch-ishman-%E2%9C%93-ch-26,Unknown,,,,
31,CH: 27,https://www.wattpad.com/1449326163-rematch-ishman-%E2%9C%93-ch-27,Unknown,,,,
32,CH: 28 [nsfw],https://www.wattpad.com/1451808944-rematch-ishman-%E2%9C%93-ch-28-nsfw,Unknown,,,,
33,CH: 29 (epilogue),https://www.wattpad.com/1455016845-rematch-ishman-%E2%9C%93-ch-29-epilogue,Unknown,,,,
34,thank yous & goodbyes,https://www.wattpad.com/1455016702-rematch-ishman-%E2%9C%93-thank-yous-goodbyes,Unknown,,,,
35,bonus comic,https://www.wattpad.com/1455852205-rematch-ishman-%E2%9C%93-bonus-comic,Unknown,,,,
